Filename,Max_Val
d7350314-1adb-43b1-bf6f-c48f32760e5e,0.737105131149292
c3678e72-ceb4-42d0-8e44-5a4de7ebfccb,0.9632919430732727
7cedbe1b-b8b6-42b4-a0b2-ae189fee42af,0.8670526742935181
e93cb113-b755-4672-8294-7d5edeec2199,0.5276237726211548
d6724bee-d28e-4b34-8813-52a86955fa72,0.6658837795257568
41bd3bce-27fe-4ac5-b972-058614eab7ac,0.8863976001739502
d99282ee-dc00-40d4-bb8d-5f8dba263a05,0.9222157597541809
a1a9bf98-fc6f-4678-a621-12abfb777542,0.518703281879425
625f584b-0262-4acd-85df-f299c9ca5e83,0.8791322708129883
baed4093-ba48-42d5-8479-92b2612217e0,0.7645484805107117
1833d175-c9c8-40f3-9687-2a253e447579,0.846265435218811
d5f2f97c-394b-4bb2-aada-5d58419f7a33,0.9567925930023193
1643d9ee-7f12-4a05-9328-f7d775f6cd2c,0.541132390499115
c64261e7-83fd-462c-9a54-f88196d6ce6b,0.8760501742362976
fd9fe662-92ed-4fb0-a4c4-9f98ad218444,0.7120926976203918
711b8e6a-0406-4c61-8c13-3e90fd7ecba1,0.7449985146522522
94e5ea07-818c-4d2d-bf2b-022ddd979be3,0.7323219180107117
c37d38fe-a11e-453a-88a5-5d919bf9f760,0.5104372501373291
2a15b6f2-2a17-454d-b14c-ba1bb4bd79f4,0.7253319025039673
cc02cb11-03bf-455f-bbf9-a75b66c28127,0.8565148115158081
9029af01-d95a-4061-bf2e-dc24e85b734a,0.9778666496276855
dd922253-21a0-40df-8e03-febb6dc20d2e,0.6539525985717773
cbd8a653-036d-4f8d-a364-e1c15733f676,0.6674334406852722
78a76d69-dd21-4743-948f-75ecc275642f,0.6741560697555542
b32a64b6-4185-4c87-bd47-729ee0c6e2af,0.9079827666282654
b394deaf-c6db-429d-864e-4f6aecc7a27a,0.8299177885055542
9430f1bc-dcc0-4b50-9b33-7ace83fb31e9,0.5271482467651367
c1fd8229-6d44-4bde-8137-690092433542,0.8895410895347595
1d9ec3ad-0120-428b-9778-3805f9348092,0.5162973999977112
b8eef91b-bbe7-443c-9e05-b756108d7344,0.6776309013366699
788e8f37-4c9c-42a3-a731-a4d7a6865cea,0.7077538371086121
9b5ca700-e7f9-4c72-ae12-c1ff11d6b0b3,0.5586287975311279
301a282d-1b12-4fa5-b4a1-d8e2ac7f70f8,0.8748443722724915
29cfef18-40c3-489f-adcf-05bd93765b9d,0.6154630780220032
d316256c-457d-433a-998f-55144131d1f7,0.5172082781791687
ff7b514f-5f0b-442e-8c57-a149fb17434e,0.5687583684921265
3febbe1c-f386-4ced-b8a6-2047f56f33d5,0.7565757036209106
06bc1519-c307-4a98-b00b-8329f2ddf615,0.9310755729675293
6ad6525d-5225-4623-9f5a-65816cc3436f,0.6894601583480835
9f10dd1b-c139-44cf-bce0-c6199f4c6e13,0.8676294088363647
9da5f69a-7024-41e9-bb8c-ecd617f3c06a,0.614503026008606
f4bad3fc-bc93-4634-bed9-a9977f6cec56,0.963482677936554
5ba8be0b-f11b-47c6-a91c-fe62c0ef516c,0.5574382543563843
1f4741e6-a0ae-41b2-8b70-bf7e927f1b13,0.5570141077041626
000db696-cf54-4385-b10b-6b16fbb3f985,0.843704342842102
b07fc720-9696-4dbb-af78-013c1464b916,0.5223171710968018
125a6b00-d20c-413e-b5fb-3728fcfce39f,0.5623250603675842
2d370cb1-791e-407e-9408-9156664de6b6,0.8237096667289734
bb653b26-d71f-42fa-b133-880aac0e183f,0.9195098876953125
9eeb04be-4a5f-42d5-b927-eba101889a58,0.8015225529670715
e8293694-de0e-46bf-b062-a32647c42c6b,0.7738767266273499
5df8778c-6efa-4b61-98e9-082df7b330a2,0.8207208514213562
bbdd66fa-e8dc-4115-bc9d-dd82ca7563d9,0.9256517887115479
db3f619a-81f5-4cd4-b08f-304b8bd9a81a,0.7720345854759216
17d34b01-a492-4764-9ee7-1403ed7a3f97,0.5470589995384216
ceb1eb5c-ba1e-4994-a7fc-05584969b569,0.9954489469528198
4522d490-b6c8-42f3-907d-d7182a790487,0.9812268018722534
4a2078dc-3789-43b2-a31e-19014d4fe3eb,0.7913153767585754
b8d6b40d-2a3d-475f-88d3-03560f645223,0.8357256650924683
44db1d69-388e-4268-849e-852c1f092a01,0.8262280225753784
f31a958a-66bf-4ccc-9fd7-79bbb9d17e7a,0.6582722663879395
2baa8ae3-27e1-4193-b51e-68e2a1cc516a,0.7081839442253113
ac1f192d-7a24-44c3-9175-819291bd4db9,0.9228615164756775
9e692a52-ea3b-4e7a-9c74-c66cadfafaf7,0.74448561668396
68a6bc66-5463-4ffd-b617-b6cc0888d6f5,0.8919175863265991
f635fe0d-8ab0-403c-9bb6-06224fe5e5ad,0.6455916166305542
7738f4a5-a2fa-44eb-b96b-7d6e4a317327,0.7429731488227844
7eaa9b23-fc4f-4fdb-a6ec-fc277afbf958,0.7414074540138245
74ccc60d-b6d1-43fa-b64b-a60402e8ed2b,0.8381744027137756
1c63da74-f68a-498d-a4b8-fc637227a4fa,0.6146955490112305
b0502b9f-b85c-4cac-9e8f-325ed59315e0,0.6913962960243225
61d1d633-b916-4c45-bdd4-cbd800153f00,0.6789547204971313
815dd1c1-3e01-4038-9723-39d05e8b3cd3,0.9254056811332703
e58410e5-a9fc-484a-93b7-9698e1503086,0.5041319131851196
afcf03f3-06fe-4bb8-a063-bb6c682d6e2b,0.8069710731506348
680d309d-3aa5-4883-ae61-1b211286f5a4,0.8027832508087158
560903a5-8450-48a9-8751-e84bc57492fb,0.6493455171585083
8263fd36-1344-4daa-8783-35c639ea5a9c,0.6463726162910461
eb80a466-3ba1-44cc-8896-e150604a2b54,0.6683366894721985
debad27d-6a14-4cbf-b2ca-18865a2ec9dd,0.639532208442688
b4686a9f-c3a6-4cba-9400-b35ba566b74e,0.7715967297554016
74457e4b-4059-4ba4-959a-3a8e12b7d5f8,0.9866320490837097
3db844f1-9d7c-4072-a982-bc35e05ed46f,0.5074911117553711
1b4d9ebb-644e-4602-ad36-d83cf7415be6,0.5030320286750793
f253e506-0d68-4818-a6e2-72452be18934,0.942741870880127
34d37f0b-6aeb-4af0-b0cf-f4516a3035af,0.6389715075492859
3b411a6e-270d-48d6-a3db-fbb4635151dd,0.6769673228263855
854fee36-d54c-4cde-904d-ab77f5e2e091,0.5442076325416565
1748e4e2-5c73-4794-81fe-2c5fe4af8cdd,0.6683974862098694
ffcfe8c1-5641-4dc3-910c-573e3227f536,0.5970054268836975
afe0f263-112f-4a63-9069-7143ab15e71c,0.9214297533035278
44c61fc8-0540-4180-8914-2961879067ea,0.9745008945465088
721ca747-d0c2-45c2-adf3-4c3640034519,0.797871470451355
5a072ffe-ed90-4516-803f-30641dfa9497,0.5962679982185364
da85f149-657f-4fa9-b109-4b5aafe8be53,0.7628390789031982
71d99089-75f8-42d3-9216-33b902503e6b,0.8266189098358154
5b46fd5b-d02a-4365-836e-cda3f45eb12c,0.9662593603134155
87f877e7-ad10-4b37-aac3-ff05c4dc7a6f,0.7883269190788269
8bd6bfaa-af66-435f-95c3-99c9f5e7074b,0.8896912932395935
17bb233f-6ee9-4645-92ee-b415499f691a,0.6266832947731018
93caa1a4-e457-4ac5-b1e3-c1b7cdfdac50,0.659103512763977
47b6aa0b-bd34-42a0-a0ad-469a1c6e3e1e,0.624137282371521
97558fff-a0e4-4d73-98da-0de2750873fb,0.7846571803092957
c112ae01-e406-4565-9691-bc1809432bc8,0.6865867376327515
3538b9f3-b604-4e3c-8f04-bb5b1127733c,0.5189351439476013
5bc12970-af13-48bb-bd12-a5cc72fb7154,0.6201600432395935
bad209bb-8814-4a94-9e27-4370052e3b85,0.7694763541221619
8ab479ea-10e6-48ac-94bd-f4eb3773fbb3,0.6087601184844971
b8131ece-c783-4814-9ce7-c0edfc2c9c64,0.5637995600700378
515ab870-a80e-47f1-bd51-05a6fc02cba0,0.9710105061531067
925910be-bb21-4003-824c-57aa7bfecf5e,0.636553943157196
01adfd2f-7bc7-4cef-ab68-a0992752b620,0.6455564498901367
b364396e-eb60-471b-9065-1eac897e5d69,0.6887573003768921
75431238-8d46-4b70-bbb7-128bd58602cd,0.7458966970443726
53f0316b-563c-441b-a226-a369a0357dfe,0.7398097515106201
cfc6d411-d8cc-407d-9dd7-dfc5a0cc25b7,0.6615189909934998
b41dfb17-3773-485b-8da6-c29a2bbfbe3a,0.7619873881340027
3b4a83a5-e755-4b20-b21c-0a0424095325,0.7256205677986145
bd0bb326-cd0d-4dd8-be1c-25c15b076377,0.6476486921310425
f9c4f02b-52b5-4f36-96d7-b706d678d9b9,0.6827740669250488
ab6d8833-6583-43d2-8220-471ace40b569,0.8226781487464905
a1538feb-5647-463b-9876-ca6e5ff00f48,0.8950970768928528
d5277276-f8f8-40e9-b8e1-791cf5d96ac0,0.6275017261505127
b5383fbc-271d-48a0-8d17-83f2dfb2e52b,0.8989725112915039
b2d2ef9e-fabe-4e70-b36a-e1e62e0a00f2,0.8509834408760071
c22ef690-d5e9-41ae-a896-11643a0fe168,0.7128803133964539
18c4af3d-0768-4f17-9c1f-d6f8199098ac,0.6293349266052246
0a97ffca-0d28-47ff-92ea-bf7144a91b66,0.866363525390625
5cb55af6-404c-4a17-bfa7-2007465407b4,0.5038841962814331
9341907e-9b62-4197-a0b3-3ddd3c55a884,0.6439297795295715
da0483cc-6cd4-40c5-aaef-b085a01cd76c,0.9084204435348511
a9cfed74-19bf-454f-b3a2-32c455a97cc8,0.8543338775634766
401afe9b-4c20-41cc-b52d-21995c71e872,0.8212646842002869
b45e1b50-d497-4b91-9b79-5050fd0e6800,0.7671756148338318
a1fb3bf8-b4bc-4dd2-9cbe-e4b2ce75789e,0.6310508847236633
0fac1fec-6e05-48b6-bf0d-fd5148e4a6ff,0.724362313747406
2f51b8c1-32f8-4df8-af1e-d32c8dddad6f,0.5666146278381348
5b32f81a-c96e-4f4b-bc7b-9b0b6861799e,0.5765408277511597
dab16c54-cd37-44a9-a3fd-55ed7fa8f30c,0.8542177677154541
c6da5d4d-b527-4207-81a4-1a3ca149411a,0.8751516938209534
7ee4570e-5d4a-430a-a27f-e46381e08725,0.8289577960968018
8e60fc33-340a-4f54-a8eb-eabf94df6dc4,0.8414823412895203
be108ff0-e920-4b6e-901d-ce8a800f6191,0.53655606508255
0361ea80-0215-4bbe-9bca-908ea7c4f8b6,0.8042312860488892
c326692a-f2d2-4025-bc10-8b9fc2fde984,0.8297237157821655
51da5ec9-42d2-4d2e-aeb2-be7104a367ba,0.6255512237548828
d5cbd64c-322b-4460-ad0e-c9a23e781f3e,0.6096706986427307
277b4a9d-7987-4da4-b421-1d1450fc1266,0.9256899356842041
adc6368a-70d1-427f-abd8-54ee2022125b,0.7009194493293762
ecc176d8-c3c7-43d8-bcd8-355bbfb84971,0.8512253761291504
38b5cc87-2d8e-4a8d-a578-d699e76bc4c3,0.6995334625244141
e0af96b5-9e91-4cc7-84c7-a3d04d4c9405,0.6277481913566589
824a4fda-1ff7-4ab9-bf6e-21fe6fa37f67,0.5890296101570129
1552da4f-04de-4c70-8c82-b5e3b8012b93,0.6549404263496399
03249840-0a17-448c-bf41-7e156428ab59,0.7531265020370483
6f3d76ce-9c4e-4e4c-b344-776d764e1be8,0.8586531281471252
992f14c2-8e2c-4341-a257-4186208e716f,0.5483198165893555
32547e73-ab10-4265-b712-a4d49973bec7,0.6919543743133545
831259b0-87f1-41d2-8968-d8a57914eb3b,0.6058461666107178
8df52c85-df58-45e1-9142-7bcdd4d22f71,0.9453341960906982
aad5a7ee-f327-4444-9a29-f279d3832286,0.5021259188652039
db3c8b2a-797b-4178-9b68-09863e1a45a3,0.8826525807380676
4ae0b788-62b6-486c-a95c-76764250c086,0.6774213910102844
f6ef134a-8d97-4994-b204-988c5447933e,0.8263528943061829
623ec44c-890d-4ef1-8fa1-33c0ef771df9,0.5972529649734497
7110c59f-8053-40a6-81cc-e0d43919258c,0.5688315033912659
93d88a9f-0593-4691-b4f6-d23b2404caa2,0.5527443885803223
93550df9-7f67-404f-a974-516acecd5c48,0.589641809463501
1623088d-9f8c-4910-b681-c81fef043fa3,0.8525493144989014
fbf7eeaa-32ff-4e80-9b44-37c686a6d4db,0.5200744867324829
7bc30abf-9799-4f83-9ac1-87486e1a3d4e,0.5534437298774719
7cde3b9f-71ab-4640-95b1-d15809eba64a,0.9396050572395325
bc9bd81f-13cb-4fb1-acb8-2f79d4d58954,0.6200039386749268
03ae75b6-45a7-4a68-9871-f07b82b17bf6,0.7415536046028137
c8dc492d-b750-4637-970a-bb595b485990,0.8782069087028503
becefa4b-f719-48c6-a903-85e391e026a4,0.5089982748031616
b59a6d82-6686-4691-917e-8c98b6752b01,0.6012120842933655
281a132a-55d5-49de-89a2-34fdfbecddeb,0.8881497979164124
f137ed32-7a53-4b47-b7dc-a75a20701ca3,0.7029640674591064
44ec9790-ae4a-4a9d-ae70-36fef1cefbfc,0.9651014804840088
85f6d0dd-980c-45df-a971-b3a8ac3213bd,0.9149001836776733
e7e77f9d-5f86-4e86-b943-015b4a85ef67,0.788208544254303
254bf9c2-9e64-44ec-a9f4-b776edeec834,0.8895621299743652
d47f3880-f56a-4e8f-b244-6b916477bbd1,0.8646844029426575
2bd2356b-305a-4726-9a47-034da8f5f2ee,0.6917383074760437
28ba0617-0cac-4198-8b8a-c35fde545ace,0.508345901966095
2cfbc16c-f1e4-4ed2-b9eb-4d0c40b90800,0.8538539409637451
60bb6140-adcd-44b2-a8c9-35efc8b701bb,0.7530148029327393
3275fe4e-18e7-4fe2-94f9-aa0d725232aa,0.8150210380554199
629e7870-ff09-4de8-b5d2-1c36baf22ad9,0.6357519626617432
70ea8245-fcd1-4ebc-a330-9d92c6f74a5b,0.6597533822059631
ace00a2e-5c0c-48ae-8b67-651f742f6820,0.8745756149291992
b4ea28a7-6386-4660-b499-af4eb17750e1,0.7698642015457153
eb34854c-a35d-4673-bb74-048f2e8e3217,0.7631273865699768
cdaa07d4-4234-4cd2-b9bf-abbf5aed1bb4,0.9841002225875854
2a37f773-2855-4765-989e-0991de60bd0c,0.7285249829292297
67ce8121-c2fd-493a-ae78-f256b3c1b0f0,0.8989134430885315
b090dd7d-b4d9-4ebe-b36d-95f83510e955,0.7755716443061829
9ebc1edb-315f-4f0f-bc9b-dfa933bc67d3,0.7849245071411133
ec2c0f94-df7e-4de8-83e3-4ee9574c06b4,0.9323625564575195
ee9c1ee7-38c3-45f0-ac3b-5bdda1fc4223,0.5858785510063171
b8fbe64b-f29f-4c6e-9b4e-999d69719ab8,0.8150709867477417
d6f738cd-5f62-40b1-8410-6940add3ece8,0.8013902306556702
849a8885-b59f-4027-8fee-bc1db024b223,0.6508828997612
6ce2244e-e4ad-495f-9779-8c5cfd824199,0.8402179479598999
f743c21e-5876-460b-bbd6-2e2dcca41baa,0.8758978843688965
67c15bfe-00c9-4911-bf32-6d99df399dcc,0.9398434162139893
2f8fbfdc-56db-4eca-bf64-3c9a0637e28c,0.8210242986679077
cd67900c-dafd-4978-9938-fc112ab25b0d,0.8201558589935303
0b569b4c-107f-4bf4-9166-c4f51a9f881a,0.5694255232810974
a886d1b3-9373-46c6-9c65-b224c21cc4a1,0.7114700675010681
b27d8243-f15a-4969-afa5-7fe443f28c4d,0.8191442489624023
0889b108-8f03-4fef-9ef3-5ddabde15ce7,0.9391506910324097
93059609-6473-4853-9413-7ecd7d3dae96,0.7311756014823914
7002c25e-83ce-4af1-9cdb-a9d4899d6104,0.9362198114395142
bb509940-e147-4ff1-806b-a82890182d5b,0.9567287564277649
aaf27f12-2f10-4f29-bff2-ab9407234c83,0.8777851462364197
ce4b3358-32c2-4ffc-8bea-3c4bad887322,0.6357634663581848
3c2270fa-2323-48c2-a341-1ea0d84d7cee,0.6343291401863098
8b46540d-e0b0-4c5c-a5d2-44af5da1bf2e,0.6564074754714966
931b6fb9-e53d-4748-8d66-0d0cf92c96ce,0.9144304990768433
9911bf13-bce6-4b33-b866-1944aca8fab0,0.8277354836463928
7bc20b3f-a8a4-40bb-afb1-140d80d0a00e,0.7275331020355225
3da7cc6a-7864-4ab8-8842-297650b7db19,0.7923855185508728
85a40af4-f5e5-4fae-8260-6c6031a73e0b,0.7051506638526917
4f781277-d540-4cd6-b405-4f215281d78e,0.5639089941978455
df0f59ce-d11a-488d-a51c-bd9105e592f6,0.9330646991729736
55a675f5-001b-475c-8abd-141e86021b4e,0.718461811542511
8f460d7d-164d-4f3e-b3eb-1c9f0c43b49e,0.8049321174621582
5dbb4c6d-0f62-48c7-ac40-4eca9562a74d,0.6767222285270691
78fbc1ca-cbae-4b4e-926c-cd94acbfe1dc,0.6706069111824036
6dd00cdb-6ce8-407c-906d-322688b78a4b,0.5530246496200562
0100515c-5204-4f31-98e0-f35e4b00004a,0.5606321692466736
15c93233-9362-477c-8e4d-c25f2e651aa7,0.9212687611579895
3747c54e-e425-451d-90c0-943e99b873d4,0.5155392289161682
eac550ba-b757-479f-85fb-5534e0aecc2c,0.8021485805511475
48029094-265a-43e6-9e29-455237085578,0.7656616568565369
8dbe2174-b173-4e56-be9c-a2a1c29c0919,0.6437621116638184
c5fcfb08-e3b2-428d-a32e-bc4a72cfb763,0.8937804698944092
5c310247-ebb8-4dc7-8a10-44f928c5f4f7,0.5502341389656067
970c4fc7-2ccb-456f-a29a-1ed963e9bb40,0.7401975393295288
bdfea255-f9dc-4694-b0fe-d699aec5b10e,0.7439338564872742
799cabf9-90cd-4959-aaef-1b283f4d2a90,0.6774962544441223
bfb32559-717d-4a13-81b9-1b9fa902f4f2,0.854738712310791
b85a43e6-8850-4518-b02c-65e4bdda87e6,0.8751578330993652
e7637bd9-a1e1-4168-a652-9f8762eecfc5,0.5020328164100647
21d50009-6fea-47e1-8af4-e60aca364ec8,0.851091742515564
0cac94e3-15f2-4657-beae-b508b5e0d176,0.9154236912727356
8ecf57a1-3117-4baf-851b-9919d9873860,0.7216731309890747
fcabeae4-2631-494c-b7f9-f96d6da5e0ab,0.9364798069000244
a6c0bbbc-f615-4033-b462-ea1ce71aa806,0.5137820243835449
77a50626-2a5d-44a8-8013-af001549b769,0.5837845206260681
b6b3de30-3eb7-4c8e-8f61-bdbece52268e,0.9034628868103027
8ce28cb3-1184-4792-b774-229fa7dd633e,0.8608741164207458
3c4a89ed-4338-4410-8848-a0bf226f6e21,0.7047051787376404
2d6d00a6-a1e4-4423-879c-3fb846daa88c,0.8235424160957336
b70fe4cd-9d95-484b-9c83-72a9a912231b,0.8565790057182312
11a41e42-fdb4-4216-9e04-d4914fe2186e,0.5682380199432373
a681ac25-1798-4c81-8e28-a1c5014e00bf,0.9443269371986389
6ba9800e-ebf3-4fd4-9fa7-1022883c4f21,0.9339896440505981
2673d0ba-ab94-4aac-8a9f-1599818c2c12,0.8518335223197937
eba888e6-9c29-4638-b165-1b6f0d8d7ecb,0.5381931662559509
8375d80e-2122-4b60-811d-0da040f6b68e,0.8242864608764648
0d587b82-827b-4e80-af20-4ee8207700ee,0.5510545372962952
fd4af787-7516-406e-8f06-671e28d791cb,0.6022179126739502
8d988945-b52e-4d34-a06c-2e042337476f,0.5050985217094421
62826182-9760-49a2-ba36-c13d605254da,0.6647052764892578
4c5e8452-6bb3-4e36-86c6-b508b7cf50d6,0.7070655822753906
3f040848-3b3f-4cc9-b7e1-eb5bea7a3a7c,0.8747730255126953
b54f130a-94fc-49ae-a6b2-5e1c870720a7,0.5575317740440369
1dad3414-88c9-4c56-af5d-3a1488af452c,0.9030889868736267
af15d432-68fc-4a2f-b456-a0366722799f,0.6107550263404846
40fe04af-77d2-4c36-80eb-043568abdbf3,0.5231974124908447
1555c17d-994a-4400-b62b-4b53fc727da3,0.5868947505950928
776b44fa-43e6-4f7b-87fb-7ae97763085f,0.7959117889404297
2458db44-f35a-4251-bebf-19514b25fd1c,0.7015130519866943
cf220ea1-8751-4c2c-9e3d-7d5430ef538f,0.8270065784454346
bfe41d70-219e-478e-85ba-9c8226b572f4,0.9229203462600708
3ab2b142-2200-4223-801f-01f64ef23d36,0.5005003809928894
3a9196af-16e0-4a6a-95e4-426614770eb2,0.7433084845542908
173e6c82-aa90-443c-8cae-9e284713ca7c,0.5294795036315918
66ab31a6-be10-4f4e-ad4d-b4aeb9371271,0.8505273461341858
0fda72a2-f383-4f69-af8e-e16a0fbac621,0.7245258688926697
16923fe0-5e98-4bcf-92e6-65d10161660d,0.7615929841995239
3a0c1a58-6d13-43f3-a5a0-07d8ecdf7fd5,0.5267034769058228
d6b6027b-bf05-4ca7-a1d6-8b8bf40cf76e,0.7940876483917236
a422ca04-b11f-4995-a7b7-a9f4c0988f30,0.9873327612876892
e56c54cd-7486-4a34-9cad-eedaf07b0aaa,0.5167484879493713
fcb06a43-8652-4bbf-bdf8-bb961137302a,0.9630540609359741
d5d7c95e-0682-4b93-bf0b-5dff2fa91a92,0.9185596108436584
4e35d6f7-9cdd-4080-afa1-f16693091aaf,0.6428873538970947
436bd184-55e5-421e-8e9a-5ae66d0e5e24,0.6718139052391052
db38a091-c7af-4ef4-a94a-cf2a87e11ea4,0.9151285290718079
6777c3fd-86fc-4ab1-8daf-5ab4a5c38ea4,0.9221952557563782
a8f16478-b36a-4bc9-ac8a-75477d8ea168,0.8075586557388306
1fc9ff06-f015-4fad-bb4f-e41e001294c8,0.9170922636985779
dce6a692-4798-4d0e-b183-bf981ce5da46,0.8113858699798584
33c80447-e65b-41f8-ad03-523b78048641,0.9461537003517151
32fbc636-5413-419b-8539-6e6a7cca9f4b,0.6447383165359497
345d1a85-8d32-4e43-8e9f-dfb0048da3fe,0.8454973101615906
ccfe789f-1e62-4e0f-be6f-517378ab780c,0.6693867444992065
b07a3786-2c97-4204-8fa3-4b303d4d655f,0.5533575415611267
eacc422e-0f30-4176-93f6-e8d5e1c91fbe,0.7863581776618958
74bf0245-0e19-45d6-9f31-65eaff09fb8a,0.8835424184799194
3f34c48c-80e6-4a04-9351-6ad809760b70,0.7192583084106445
c5f09fe8-ba29-472b-b87b-85a5740aa2dd,0.6587178111076355
2ad4217c-6ccc-4312-a067-5969fcd2182b,0.8904609680175781
d1313643-a3e8-4299-9186-d36e5e883daa,0.9521419405937195
41c5032e-0c2e-4d64-8f7e-f41e5fa881e7,0.8552494645118713
07752357-2f21-4e42-9015-27886b3d5857,0.9068586230278015
9366e300-5b42-42e4-98b1-48a8c821f679,0.8939699530601501
eaf97a51-bc2f-4d85-8485-dd753df6c908,0.9064614772796631
5c643f67-e321-4f90-bcd0-58c4517561a9,0.551444411277771
b87e3b2e-d7a1-4b29-86eb-0c08b1d3022a,0.9043989777565002
09d2a8d3-3ef9-4e91-8abe-d1c127747905,0.6520065665245056
942fab2b-4338-457a-9005-c7b18ea41798,0.6148895025253296
c224f825-24b8-47aa-abdd-f03c0475a7c3,0.9246331453323364
754ad4f4-7de6-43d5-9553-a58ed87532b5,0.6731374263763428
559415a8-f9bc-40ed-9ac0-0f60104e7e9c,0.816552460193634
aa420409-bb01-4c33-bea2-d0b1d04f5f9e,0.8983120322227478
b6eb4991-000f-43e9-bf39-2ffd63fbedb1,0.6522192358970642
9299cf6f-bd4a-4dc9-90d5-893e770566fb,0.500199019908905
19a62d7a-3d7d-4b5b-8dca-3247af94f339,0.5738914608955383
f12565af-43de-4bc9-9dba-a8a3e9c8331e,0.867910623550415
b77669dd-8554-4531-9903-9719747fdb63,0.8533511161804199
940f7b20-80ae-4200-8313-c2e8ef7752a2,0.8018767237663269
85dad6b6-8a4f-4189-b1c0-006a66f5b0bd,0.7703026533126831
7c328c0b-3a48-4043-aa50-d592e59fbf96,0.8729974627494812
47ec1b70-a18d-4c98-a313-4999a4059742,0.8971399068832397
4a6f5410-4668-4cf8-9628-5b09dd40c527,0.8687762022018433
39b07dec-5e0d-4fa1-81d2-d8e641f756c8,0.660979151725769
b7bee95b-ea79-46de-ac78-94ff8328a274,0.5426058173179626
524ca5ff-4301-43ec-8a17-3682f5edb548,0.90485018491745
073a77f1-90c5-4b5a-823d-6e1174ecf947,0.6283047199249268
32721abb-10c7-4797-88c6-bf47d32e95e6,0.8899083137512207
de2ab5e7-5cdc-443e-9905-f4469d98f8b1,0.9691669344902039
8a504f1d-b42c-4328-8571-f4e0a8e0fb5a,0.6744282245635986
3de7efd4-d074-4fee-95d7-4718e4d7df91,0.7689203023910522
bf506a9c-19c7-4dd8-acb4-b8d6569091d8,0.9561487436294556
ce8e0d85-44a8-4b05-b421-cc5c510aa7a5,0.9740154147148132
c648be1a-3426-414b-80af-fd4cbdffa7f2,0.8651049733161926
8d11ed1c-a608-47d4-ad04-5d8733c24bdd,0.7731286883354187
c391591b-0083-4063-a485-69b0c7e02ebe,0.6237401962280273
abd50515-15ea-489a-bdb8-c38dd3ef0b36,0.7716225385665894
ac29e848-bceb-4233-8a07-14778f17d575,0.5728587508201599
648061f0-085c-4a9c-8efb-7d33b0a99684,0.5273247361183167
45bfcdbc-1669-4ce8-8d36-848bc4b0e40d,0.9097955822944641
5d31b348-ba73-46fc-a3fe-d9407fdf158a,0.7021129131317139
39919c47-0f93-417f-96fb-1aa8a6d6e7ab,0.8547153472900391
6b5ec6c5-06c3-4574-b44a-d5735bdb363b,0.7440676689147949
3397d218-ad10-49dd-a3e0-9b1ee6d3d91d,0.6716090440750122
641ead6c-0e54-4a5f-a3c3-e49d137ce16e,0.7156420350074768
798f3843-7acf-4f6e-84a5-dee0652be5f7,0.7437812089920044
7c622f41-c326-4138-8305-8b5d51f456e4,0.9328340291976929
b3332044-d191-4d1d-8cca-b11c30c79fa8,0.9828070402145386
50e589e1-e878-4994-b29f-ce9d731ac2db,0.9315897226333618
4a252e39-736e-48df-aaf3-3446a8f3ac3f,0.6447768807411194
b8fa31a7-52ba-4bd1-8b63-0568b6935306,0.9510474801063538
b97dadd7-8a4f-4bdf-898e-c59489b8add0,0.5667243599891663
47a15caf-d139-4fa3-956d-6f8afa5ac376,0.7224294543266296
5476c3ca-86b8-4540-bf4a-a57c57a0fdc2,0.8580551147460938
c28f7725-70a7-4b55-953a-44d28ecdd4fb,0.5316166281700134
86fc83c3-8e28-4119-af14-31996bfea86b,0.6167014241218567
5620c301-4fee-478e-bdb0-124a00010443,0.5933401584625244
69a4ab5a-da8a-4a93-9d83-801a700003e8,0.9956960678100586
767b5c8d-d09b-4d2c-97ea-17dea981a4e4,0.6134792566299438
94211273-5b21-47fa-bbe0-7496e66672ac,0.820990264415741
fe849ca6-4b1f-4a54-a807-3d0dc20a47ac,0.593722403049469
be6abbfe-1620-4e7e-9b9a-ef8b6d8e5179,0.9472600221633911
076eab63-d75d-4272-a5d3-13eae02f2c8f,0.7314429879188538
6a92e6d2-4f77-4da3-8e3e-dda339b9838a,0.7290586233139038
d47f354b-d29d-48b9-9c54-07c1e981bef4,0.5400684475898743
1ccf9c68-7db2-4170-b118-2b390c4bac7d,0.7423672080039978
3766b0a6-1769-4d82-b081-fa53531de34e,0.7561757564544678
56ca817b-e17d-4b2b-95c8-d544a7786124,0.8097724914550781
f9538c72-0f7b-45e3-98a8-de3e4434fe4d,0.5498266816139221
99cb86f4-ff46-4d92-86b5-e3b08e0016b4,0.9102996587753296
b3ffee84-ce9e-43e5-879a-86fef0e875a2,0.8419734835624695
65fad8ec-0707-4dd2-8753-5a8dadec1717,0.8200357556343079
eca73343-ef7f-4c09-9c6c-7b83cf8f9b63,0.8775357007980347
79bb5ea3-ca6c-4d75-a379-a6ee6c6da659,0.7370389699935913
3aa28a0b-fc2f-4f03-87ab-26808d456527,0.7878526449203491
7092a623-6d2d-4ecb-abed-be46296c4d7e,0.8816964030265808
8d48694a-f998-4043-bc98-63a3c18527f2,0.7619651556015015
076c5f9e-787b-417c-8639-07639b581102,0.63321453332901
51e7f8d7-2904-4651-a3e3-be6e8d351cfc,0.6222162246704102
70b0ae1e-ee05-4bdf-a35f-0d7eac98e3cb,0.5134735703468323
7a0105da-41e6-4500-8626-fb6e8f0dac5a,0.9498147368431091
659ecb83-6644-41c9-847f-20edb3d63a07,0.9019123911857605
cc9a9148-7419-4ba6-a56d-a7acdaae2d4d,0.6949005126953125
deecb3e2-cd07-4076-8ef4-31df2afb4b53,0.770759642124176
22f2d3ec-f7ea-4778-850d-bb111590202f,0.8534659147262573
d719e1fe-366a-4d2b-a816-f0f1bcf3e4f2,0.893389105796814
b551156f-a0e0-4895-9bd5-c4e6307f077a,0.812232255935669
fe463b9d-b949-4018-ae41-9b8dbc815e37,0.8736490607261658
a938151e-9c73-4802-8971-b7bb42058785,0.7113395929336548
31a115d1-ad82-4fd8-be3d-76d918338afa,0.670702338218689
71a747b4-d566-4590-8a69-4176501f6884,0.6987311840057373
a082d750-3663-46ca-bf52-cc32b2f403c9,0.570207417011261
c1dfd251-ba52-4ecb-94fa-f98ce08a07d5,0.64903324842453
c31be560-cec0-4ada-b2e1-be51c2e8bb22,0.9210931658744812
0a8db596-9ef7-4b6c-a5db-7bb6029d0b9d,0.9281294941902161
cbc9411a-9bcf-48c2-b761-1c146f4c3a91,0.5120494365692139
c059ced8-e99a-4fff-a734-b01cae2491bb,0.5500622987747192
fa03359d-9704-44e0-9050-987ffecc5435,0.5966498851776123
535a94be-e39f-4a14-b260-61aca4570c17,0.5958483815193176
cbc26ae2-a82d-4e58-af59-d1f05df9d3f0,0.8445619940757751
5dff4f1d-a3f8-43e1-aa04-28538be75a40,0.596403956413269
ac9106d5-8cbc-46b0-b27e-8c998b04ef51,0.9519185423851013
95aebfc5-a42f-4498-ab06-2db378c38544,0.5221327543258667
1563a4ed-d5f5-4e31-8818-c5417109d403,0.8536319732666016
72de59ee-6a34-42d7-8379-66af5f507bbc,0.5858218669891357
cb3b72b0-408d-45ab-9985-3d40a4a12626,0.5883194804191589
48d31260-a62e-4b8a-9d3c-cdc6da1a962f,0.9152434468269348
76f71a93-8105-4c79-a010-0cfa86f0061a,0.6260412931442261
ab5af9ff-8001-4442-af29-693abdb98e14,0.7624481320381165
c33d14fe-bae6-458c-b6d8-b36fce161298,0.5354815721511841
b783741d-64ad-431c-82b7-ba1dab31c043,0.8904651403427124
41966d18-052b-4335-9e27-2a100ef5b4f1,0.8872464299201965
ff3258f3-2c66-40cf-9d5d-fe77f8036fa6,0.5671223402023315
55773dd5-fa20-40f2-9c52-53731bfb3e82,0.7877128720283508
bfcf4f1d-95f3-4d21-abb1-e393ce66cacc,0.5596174001693726
c3bff4b1-efa9-4b87-a32d-bcbe6d31c4f2,0.5972554683685303
8949f382-c28f-462b-a902-058818235e3b,0.6019057035446167
aecf37ea-fe82-4618-bf8e-650d83f2ba42,0.8574793338775635
5d15bb3c-8eea-4894-b5a1-6bd75c171f04,0.7173884510993958
557ab975-0426-4746-a88f-872ef5675134,0.7181715965270996
d037df85-c86e-43cb-a14e-7bf57ee9b5ad,0.7156020402908325
d77b519d-abb7-49d7-8bec-dedebe8f50d1,0.7631409168243408
7f9b4539-9cfb-49db-9d19-dea98ab6445f,0.7281830906867981
5e79685b-7bcc-49d2-986c-e3d07a319a3a,0.5962744951248169
d09dcca5-57f9-4145-aab5-cf270fc74f55,0.6982631087303162
c75f315e-ca15-4d67-9068-ca2d9fda95ab,0.505584180355072
eec5fd7f-f418-4071-8a30-60e16a11d9a4,0.7935153245925903
4f80b758-d33c-4e13-be26-55273d12c398,0.5318058729171753
6c0db351-5354-4a88-915a-2952ed2b2690,0.7277295589447021
58b27c0b-8635-4c71-9c4b-babe51801da4,0.627011775970459
1678b850-2b76-4d6c-8f8f-bf1503e2d761,0.9635956287384033
acfec3cb-9511-4f09-977c-87b061bd50dd,0.6926442980766296
65a4fa5f-9b5f-4efd-aa8e-ceb040869990,0.7287495732307434
7f855bcb-ce9f-4458-80f5-f613cf9b71a0,0.9444115161895752
37ae5e7e-007e-4f68-be2a-40a4f5d67cbe,0.5786581635475159
96252c3b-c8fd-4389-934e-298b01166931,0.8812999129295349
097a2839-5587-4bf4-9adb-641d8caa877b,0.9410112500190735
e6333801-dfd9-47a0-ba07-3911af849657,0.5623278617858887
bd9eaecd-1c8a-4be5-873b-ef4738c852f3,0.9518610239028931
ba1e3912-82c7-4e15-9c46-46fbf780b2d9,0.5374622941017151
815c87e6-3bac-40a2-8208-6a389b18cbae,0.7240561842918396
f9ccffe6-0f7b-43d7-9962-84888673fb57,0.5379090905189514
209d215c-aebc-4138-8c99-6eb4ce59ddda,0.605697512626648
797be476-00ad-42b5-a860-9769d10aa1f4,0.7691264152526855
74691258-da0c-4d42-9ef1-ded47c92a683,0.9666868448257446
81d4ef3f-6aa1-4c3f-9a7b-38986b34aeea,0.5473289489746094
ae094b72-b7e5-4dff-a775-8bab37b0082e,0.5889875888824463
1c2707d4-9385-4228-823c-51fb2a956646,0.7334706783294678
9e0e63dc-1db2-4090-bcda-17b0ede45e4c,0.7760965824127197
dee545be-7a2e-45cb-8f4c-5edce22e2b00,0.5321575999259949
54cbe63c-5c44-4d55-ae01-0096c805dda1,0.9040575623512268
d950237f-0f29-44e4-a52d-5695dbd54a6d,0.6236221790313721
55d5a0b4-ff06-4c41-8aee-d3d49febd027,0.7316307425498962
bfa45a99-7125-4d61-966b-c51e54dcbf10,0.670148491859436
a58cff2a-ad04-47aa-a93b-66091b5b584f,0.7212247252464294
4de82994-1662-4fd2-ae76-e70667dab381,0.555613100528717
fb4406f0-2d2c-4571-9b15-5db51e7cbe60,0.7620861530303955
b402b80c-0be4-4c25-80be-d9ace219c83b,0.9821667671203613
9dbb7a32-14df-40ca-871e-410111c45c05,0.6784611344337463
696eaa02-46db-4fdc-87aa-38ea72b30c4e,0.830145001411438
b5714c0f-6d0f-4c56-833f-8b83f19e982a,0.6178579926490784
aeddbc37-9066-476c-a707-6b83ee20cbb5,0.8403841257095337
ba96958c-acdc-46a1-9914-d0424361a07b,0.858152449131012
f9405a63-3a1b-4cc5-8f00-7b0a81c36a71,0.8705812692642212
a7aef71b-0fc8-4837-be79-4ced56e03439,0.7233187556266785
b9b7f127-2285-4ab3-b2c5-e5c943527494,0.8795590996742249
4703da4b-5d0c-416a-9ebe-39d1776bf593,0.6896499395370483
bcaa09e2-c80d-40b6-b3e7-73edd34cf994,0.8421427011489868
84a14ff5-f4fe-4ee4-9873-ccb84b76d5a8,0.566888153553009
bae3200d-081c-4a6d-a999-ad1f0b09bcea,0.6995604634284973
a6a38450-9151-4178-a830-a08e0223f8a5,0.8521395921707153
4525bf0b-20b4-4f4f-9149-e32632812d89,0.636482834815979
7ae0a78d-464e-4d3d-b1f7-123bba695bc4,0.5395030975341797
62a1b378-446c-4584-b676-031eb3dec138,0.7595726847648621
51bd3238-9425-41ec-9919-79aa2b32e724,0.6759305596351624
b5ea0a2e-1122-4183-931c-8027caf1eb8d,0.9006642699241638
d6113dcf-5955-42ff-bcc4-d549637f22d5,0.5187401175498962
32827da4-939c-46de-85db-a2d75cb0dfad,0.6116999387741089
b15cff7a-2345-45ad-9eef-4a9e5ab6762d,0.5470330119132996
0637b804-e693-48d1-8716-f7c63ce6162a,0.6985563039779663
a4a72b9a-b647-4395-85f6-db7e44f23a0d,0.5090240836143494
4d246f03-3d83-45e3-aba6-80edecc444db,0.9434987902641296
25d1ddb4-df24-4e52-8a84-b0dff45f9718,0.9448509812355042
535f82fb-907d-42bd-b737-667571fff4b1,0.5176447033882141
4ca04118-3898-41b4-9b59-d2ab2608d928,0.527588963508606
7233ab9f-7fa6-4b5b-acdc-1c93bf945db5,0.65650475025177
53e03899-b8dc-4e96-a25d-c5061876db80,0.9551825523376465
7dae5837-707b-47c8-9b91-823f68680867,0.9086485505104065
270d287b-5f32-469d-9f88-f4a87f27ef47,0.5466716885566711
1923df31-e23a-4ee4-86f8-35d124af2f61,0.5257609486579895
f0a61294-3bab-42a2-8b6c-489a696db8bc,0.5750208497047424
3d7cde16-cbce-4a84-997c-11b9befe3f23,0.5400129556655884
7ea6a920-a1ad-4cf1-91d5-a6634708b12c,0.7193975448608398
35a3198f-d764-4c5e-bed4-87ccd6c1e87a,0.5034252405166626
4d77b506-38bb-4f7c-b7e3-56ce766231dc,0.6806297898292542
56300a3a-2da9-411e-8f9a-6852aef925d6,0.9526399374008179
f630809e-2498-44af-beaa-dda23a36cf20,0.6227378845214844
2c917d3a-95cb-4c11-802c-f83e28cb37bc,0.843830406665802
9042bce5-f59b-4b28-b9af-49dd5a717f5a,0.5072782635688782
0c122fd9-6dc8-4224-baae-812ed5c4bd12,0.7857596278190613
a28266ba-94b1-4789-88e7-e7a1c4bc6d0d,0.8051203489303589
bb7973b1-58b1-4e2e-b687-144e179f0996,0.6556305289268494
ea1cf22d-0ec1-4820-86ed-a2bce81fa924,0.6775406002998352
17a5ce04-809a-42ed-9e58-100cfb33de7a,0.7904149293899536
0b1d5b23-c3ab-41b5-b82d-a16a3d6b5674,0.8200556039810181
5f8ecc2d-d8b8-4974-b327-7920315c55aa,0.5409875512123108
a37e89b4-7aa4-42f0-969f-f92816142442,0.5887830257415771
80ee782e-dd5c-4d8d-b030-6cb61322dd4a,0.6081413626670837
eadbf3c9-f034-4b29-9a46-b90a16978a2a,0.7728632688522339
73e52479-33f7-442b-bacd-65257cd05368,0.8415585160255432
70aceaf0-dc67-4ae3-8f18-9d59d6585634,0.5543612241744995
0b0073e0-9c19-4da4-88f2-b3d2ebc6f1f4,0.738007664680481
5ef82d3e-536f-4334-b0e3-81c03520ec1b,0.7099258303642273
1352a7f3-1f0d-4f1f-af05-daa5d7f8624a,0.6614286303520203
5d886b14-0764-49b8-a6f6-23033107ec5b,0.5376001596450806
7f57a568-9ec8-40eb-9762-ce5831ba29c9,0.572786808013916
c62a1483-825a-4a3e-a487-dee5feeec058,0.5214089155197144
caf25a63-fcee-4c61-9e04-71b3c401496c,0.8417100310325623
b87a09c7-b7fa-4869-b7aa-0b2a395a4215,0.6876547336578369
08f1b734-cd93-42c0-b978-9e1e1021bb55,0.592721164226532
905cf7dc-9b4f-4c3d-816c-65c3b6be7237,0.5562698245048523
