Filename,x,y,w,h
bdfea255-f9dc-4694-b0fe-d699aec5b10e,90,78,10,12
bdfea255-f9dc-4694-b0fe-d699aec5b10e,65,48,23,25
a28266ba-94b1-4789-88e7-e7a1c4bc6d0d,162,158,24,24
a28266ba-94b1-4789-88e7-e7a1c4bc6d0d,160,145,4,3
47a15caf-d139-4fa3-956d-6f8afa5ac376,81,81,15,18
47a15caf-d139-4fa3-956d-6f8afa5ac376,70,73,10,10
47a15caf-d139-4fa3-956d-6f8afa5ac376,91,66,11,11
47a15caf-d139-4fa3-956d-6f8afa5ac376,130,60,27,29
47a15caf-d139-4fa3-956d-6f8afa5ac376,103,60,7,9
47a15caf-d139-4fa3-956d-6f8afa5ac376,102,36,20,22
3397d218-ad10-49dd-a3e0-9b1ee6d3d91d,149,147,43,17
b97dadd7-8a4f-4bdf-898e-c59489b8add0,0,13,6,6
b97dadd7-8a4f-4bdf-898e-c59489b8add0,0,0,17,8
b8eef91b-bbe7-443c-9e05-b756108d7344,187,154,13,12
b8eef91b-bbe7-443c-9e05-b756108d7344,180,122,3,9
b8eef91b-bbe7-443c-9e05-b756108d7344,217,110,7,48
b8eef91b-bbe7-443c-9e05-b756108d7344,182,110,18,17
b8eef91b-bbe7-443c-9e05-b756108d7344,150,102,23,21
b8eef91b-bbe7-443c-9e05-b756108d7344,183,98,9,9
55d5a0b4-ff06-4c41-8aee-d3d49febd027,163,168,10,10
55d5a0b4-ff06-4c41-8aee-d3d49febd027,198,155,9,9
55d5a0b4-ff06-4c41-8aee-d3d49febd027,161,144,29,16
55d5a0b4-ff06-4c41-8aee-d3d49febd027,211,128,13,12
55d5a0b4-ff06-4c41-8aee-d3d49febd027,175,126,9,9
55d5a0b4-ff06-4c41-8aee-d3d49febd027,154,102,12,12
55d5a0b4-ff06-4c41-8aee-d3d49febd027,148,101,2,3
5c643f67-e321-4f90-bcd0-58c4517561a9,165,106,6,2
5c643f67-e321-4f90-bcd0-58c4517561a9,187,87,9,9
5c643f67-e321-4f90-bcd0-58c4517561a9,169,76,15,15
5c643f67-e321-4f90-bcd0-58c4517561a9,187,65,27,22
5c643f67-e321-4f90-bcd0-58c4517561a9,98,65,3,6
5c643f67-e321-4f90-bcd0-58c4517561a9,199,53,25,23
5c643f67-e321-4f90-bcd0-58c4517561a9,218,45,6,12
5c643f67-e321-4f90-bcd0-58c4517561a9,145,42,21,31
5c643f67-e321-4f90-bcd0-58c4517561a9,199,34,16,16
3c2270fa-2323-48c2-a341-1ea0d84d7cee,63,117,21,15
3c2270fa-2323-48c2-a341-1ea0d84d7cee,74,106,9,10
3c2270fa-2323-48c2-a341-1ea0d84d7cee,94,90,7,9
3c2270fa-2323-48c2-a341-1ea0d84d7cee,98,72,9,4
9ebc1edb-315f-4f0f-bc9b-dfa933bc67d3,205,121,17,10
9ebc1edb-315f-4f0f-bc9b-dfa933bc67d3,139,106,27,19
9ebc1edb-315f-4f0f-bc9b-dfa933bc67d3,149,93,11,11
9ebc1edb-315f-4f0f-bc9b-dfa933bc67d3,126,62,12,12
125a6b00-d20c-413e-b5fb-3728fcfce39f,218,150,6,12
125a6b00-d20c-413e-b5fb-3728fcfce39f,195,101,10,10
125a6b00-d20c-413e-b5fb-3728fcfce39f,217,94,7,26
125a6b00-d20c-413e-b5fb-3728fcfce39f,201,82,7,9
125a6b00-d20c-413e-b5fb-3728fcfce39f,214,75,10,15
d6724bee-d28e-4b34-8813-52a86955fa72,83,62,31,24
711b8e6a-0406-4c61-8c13-3e90fd7ecba1,42,218,36,6
711b8e6a-0406-4c61-8c13-3e90fd7ecba1,61,126,32,46
515ab870-a80e-47f1-bd51-05a6fc02cba0,174,103,16,16
515ab870-a80e-47f1-bd51-05a6fc02cba0,217,98,7,16
515ab870-a80e-47f1-bd51-05a6fc02cba0,97,95,7,7
515ab870-a80e-47f1-bd51-05a6fc02cba0,158,92,10,10
515ab870-a80e-47f1-bd51-05a6fc02cba0,167,68,2,3
515ab870-a80e-47f1-bd51-05a6fc02cba0,153,67,35,32
515ab870-a80e-47f1-bd51-05a6fc02cba0,172,63,4,8
515ab870-a80e-47f1-bd51-05a6fc02cba0,98,63,10,11
a9cfed74-19bf-454f-b3a2-32c455a97cc8,137,218,13,6
a9cfed74-19bf-454f-b3a2-32c455a97cc8,126,218,10,6
a9cfed74-19bf-454f-b3a2-32c455a97cc8,106,218,18,6
a9cfed74-19bf-454f-b3a2-32c455a97cc8,92,212,12,12
a9cfed74-19bf-454f-b3a2-32c455a97cc8,101,179,6,6
a9cfed74-19bf-454f-b3a2-32c455a97cc8,145,176,22,19
a9cfed74-19bf-454f-b3a2-32c455a97cc8,177,167,7,7
a9cfed74-19bf-454f-b3a2-32c455a97cc8,97,161,7,9
a9cfed74-19bf-454f-b3a2-32c455a97cc8,125,156,7,9
a9cfed74-19bf-454f-b3a2-32c455a97cc8,19,0,17,6
a9cfed74-19bf-454f-b3a2-32c455a97cc8,0,0,14,8
9dbb7a32-14df-40ca-871e-410111c45c05,64,99,13,15
9dbb7a32-14df-40ca-871e-410111c45c05,61,81,13,13
9dbb7a32-14df-40ca-871e-410111c45c05,66,72,3,1
c28f7725-70a7-4b55-953a-44d28ecdd4fb,163,134,5,7
c28f7725-70a7-4b55-953a-44d28ecdd4fb,135,123,9,9
c28f7725-70a7-4b55-953a-44d28ecdd4fb,156,94,2,5
c28f7725-70a7-4b55-953a-44d28ecdd4fb,171,86,9,8
c28f7725-70a7-4b55-953a-44d28ecdd4fb,139,67,13,13
03ae75b6-45a7-4a68-9871-f07b82b17bf6,183,126,9,9
03ae75b6-45a7-4a68-9871-f07b82b17bf6,210,113,14,12
03ae75b6-45a7-4a68-9871-f07b82b17bf6,175,102,10,9
1563a4ed-d5f5-4e31-8818-c5417109d403,33,187,5,6
1563a4ed-d5f5-4e31-8818-c5417109d403,66,169,9,10
1563a4ed-d5f5-4e31-8818-c5417109d403,87,142,12,21
1563a4ed-d5f5-4e31-8818-c5417109d403,54,124,34,40
1563a4ed-d5f5-4e31-8818-c5417109d403,218,101,2,10
1563a4ed-d5f5-4e31-8818-c5417109d403,70,98,11,12
b402b80c-0be4-4c25-80be-d9ace219c83b,167,175,9,9
b402b80c-0be4-4c25-80be-d9ace219c83b,217,160,7,17
b402b80c-0be4-4c25-80be-d9ace219c83b,218,142,2,7
b402b80c-0be4-4c25-80be-d9ace219c83b,161,130,3,4
b402b80c-0be4-4c25-80be-d9ace219c83b,193,124,13,11
b402b80c-0be4-4c25-80be-d9ace219c83b,47,52,10,10
b402b80c-0be4-4c25-80be-d9ace219c83b,76,37,10,10
a1538feb-5647-463b-9876-ca6e5ff00f48,140,111,24,21
b41dfb17-3773-485b-8da6-c29a2bbfbe3a,151,144,5,7
b41dfb17-3773-485b-8da6-c29a2bbfbe3a,147,142,3,6
b41dfb17-3773-485b-8da6-c29a2bbfbe3a,155,126,8,6
b41dfb17-3773-485b-8da6-c29a2bbfbe3a,94,113,10,10
b41dfb17-3773-485b-8da6-c29a2bbfbe3a,125,104,28,39
b41dfb17-3773-485b-8da6-c29a2bbfbe3a,63,94,29,21
b77669dd-8554-4531-9903-9719747fdb63,58,218,7,6
b77669dd-8554-4531-9903-9719747fdb63,38,218,18,6
b77669dd-8554-4531-9903-9719747fdb63,0,206,10,18
b77669dd-8554-4531-9903-9719747fdb63,58,170,6,3
b77669dd-8554-4531-9903-9719747fdb63,34,161,10,10
b77669dd-8554-4531-9903-9719747fdb63,58,157,14,12
b77669dd-8554-4531-9903-9719747fdb63,0,154,8,46
b77669dd-8554-4531-9903-9719747fdb63,0,129,6,7
b77669dd-8554-4531-9903-9719747fdb63,42,127,39,26
3747c54e-e425-451d-90c0-943e99b873d4,3,174,9,9
3747c54e-e425-451d-90c0-943e99b873d4,79,171,1,9
3747c54e-e425-451d-90c0-943e99b873d4,69,170,9,10
3747c54e-e425-451d-90c0-943e99b873d4,29,162,11,10
3747c54e-e425-451d-90c0-943e99b873d4,42,150,13,14
3747c54e-e425-451d-90c0-943e99b873d4,29,125,13,14
7002c25e-83ce-4af1-9cdb-a9d4899d6104,0,127,5,6
7002c25e-83ce-4af1-9cdb-a9d4899d6104,0,91,8,17
7002c25e-83ce-4af1-9cdb-a9d4899d6104,0,0,8,8
3f040848-3b3f-4cc9-b7e1-eb5bea7a3a7c,168,219,2,2
3f040848-3b3f-4cc9-b7e1-eb5bea7a3a7c,161,219,4,2
3f040848-3b3f-4cc9-b7e1-eb5bea7a3a7c,134,182,13,14
3f040848-3b3f-4cc9-b7e1-eb5bea7a3a7c,174,168,8,1
3f040848-3b3f-4cc9-b7e1-eb5bea7a3a7c,145,154,12,12
3f040848-3b3f-4cc9-b7e1-eb5bea7a3a7c,159,153,17,12
3f040848-3b3f-4cc9-b7e1-eb5bea7a3a7c,180,148,12,11
3f040848-3b3f-4cc9-b7e1-eb5bea7a3a7c,179,133,10,11
3f040848-3b3f-4cc9-b7e1-eb5bea7a3a7c,147,132,10,10
3f040848-3b3f-4cc9-b7e1-eb5bea7a3a7c,155,106,9,9
3f040848-3b3f-4cc9-b7e1-eb5bea7a3a7c,165,102,15,19
06bc1519-c307-4a98-b00b-8329f2ddf615,144,138,29,17
06bc1519-c307-4a98-b00b-8329f2ddf615,146,101,9,6
06bc1519-c307-4a98-b00b-8329f2ddf615,71,85,11,9
f9538c72-0f7b-45e3-98a8-de3e4434fe4d,111,111,17,20
f9538c72-0f7b-45e3-98a8-de3e4434fe4d,120,90,16,20
f9538c72-0f7b-45e3-98a8-de3e4434fe4d,130,61,8,10
22f2d3ec-f7ea-4778-850d-bb111590202f,56,60,12,14
4f781277-d540-4cd6-b405-4f215281d78e,0,142,7,11
4f781277-d540-4cd6-b405-4f215281d78e,29,134,9,7
4f781277-d540-4cd6-b405-4f215281d78e,0,127,8,10
4f781277-d540-4cd6-b405-4f215281d78e,0,94,18,32
076eab63-d75d-4272-a5d3-13eae02f2c8f,150,66,18,19
25d1ddb4-df24-4e52-8a84-b0dff45f9718,30,108,8,5
25d1ddb4-df24-4e52-8a84-b0dff45f9718,39,85,33,26
9341907e-9b62-4197-a0b3-3ddd3c55a884,74,150,17,14
9341907e-9b62-4197-a0b3-3ddd3c55a884,91,122,9,8
9341907e-9b62-4197-a0b3-3ddd3c55a884,93,110,12,10
9341907e-9b62-4197-a0b3-3ddd3c55a884,59,69,33,61
9341907e-9b62-4197-a0b3-3ddd3c55a884,93,62,11,10
7f9b4539-9cfb-49db-9d19-dea98ab6445f,107,118,18,18
7f9b4539-9cfb-49db-9d19-dea98ab6445f,118,106,10,11
7f9b4539-9cfb-49db-9d19-dea98ab6445f,139,98,11,9
c391591b-0083-4063-a485-69b0c7e02ebe,159,219,5,5
c391591b-0083-4063-a485-69b0c7e02ebe,72,219,4,1
c391591b-0083-4063-a485-69b0c7e02ebe,79,218,75,6
c391591b-0083-4063-a485-69b0c7e02ebe,133,156,5,4
c391591b-0083-4063-a485-69b0c7e02ebe,140,151,9,7
8d48694a-f998-4043-bc98-63a3c18527f2,0,161,6,7
8d48694a-f998-4043-bc98-63a3c18527f2,64,146,3,5
8d48694a-f998-4043-bc98-63a3c18527f2,27,137,17,11
8d48694a-f998-4043-bc98-63a3c18527f2,0,124,8,36
8d48694a-f998-4043-bc98-63a3c18527f2,125,118,15,16
8d48694a-f998-4043-bc98-63a3c18527f2,139,94,9,10
8d48694a-f998-4043-bc98-63a3c18527f2,33,94,12,12
8d48694a-f998-4043-bc98-63a3c18527f2,147,71,13,12
29cfef18-40c3-489f-adcf-05bd93765b9d,193,219,9,5
29cfef18-40c3-489f-adcf-05bd93765b9d,203,218,7,6
29cfef18-40c3-489f-adcf-05bd93765b9d,138,218,11,6
29cfef18-40c3-489f-adcf-05bd93765b9d,127,218,10,6
29cfef18-40c3-489f-adcf-05bd93765b9d,156,216,26,8
29cfef18-40c3-489f-adcf-05bd93765b9d,165,193,11,10
29cfef18-40c3-489f-adcf-05bd93765b9d,152,189,11,11
df0f59ce-d11a-488d-a51c-bd9105e592f6,53,130,19,16
df0f59ce-d11a-488d-a51c-bd9105e592f6,45,112,13,14
df0f59ce-d11a-488d-a51c-bd9105e592f6,28,112,11,11
c3bff4b1-efa9-4b87-a32d-bcbe6d31c4f2,137,165,23,18
c3bff4b1-efa9-4b87-a32d-bcbe6d31c4f2,127,158,9,9
c3bff4b1-efa9-4b87-a32d-bcbe6d31c4f2,143,128,46,34
2f51b8c1-32f8-4df8-af1e-d32c8dddad6f,144,142,18,15
db3c8b2a-797b-4178-9b68-09863e1a45a3,70,102,32,19
db3c8b2a-797b-4178-9b68-09863e1a45a3,44,99,12,13
db3c8b2a-797b-4178-9b68-09863e1a45a3,76,78,6,7
db3c8b2a-797b-4178-9b68-09863e1a45a3,83,67,11,11
854fee36-d54c-4cde-904d-ab77f5e2e091,29,116,14,12
854fee36-d54c-4cde-904d-ab77f5e2e091,39,62,26,22
47b6aa0b-bd34-42a0-a0ad-469a1c6e3e1e,67,40,21,24
47b6aa0b-bd34-42a0-a0ad-469a1c6e3e1e,98,34,12,12
47b6aa0b-bd34-42a0-a0ad-469a1c6e3e1e,37,28,10,10
6ba9800e-ebf3-4fd4-9fa7-1022883c4f21,102,110,16,19
6ba9800e-ebf3-4fd4-9fa7-1022883c4f21,89,102,9,9
6ba9800e-ebf3-4fd4-9fa7-1022883c4f21,106,74,10,10
6ba9800e-ebf3-4fd4-9fa7-1022883c4f21,91,61,17,12
8a504f1d-b42c-4328-8571-f4e0a8e0fb5a,67,102,2,5
8a504f1d-b42c-4328-8571-f4e0a8e0fb5a,60,102,1,6
8a504f1d-b42c-4328-8571-f4e0a8e0fb5a,70,94,11,11
8a504f1d-b42c-4328-8571-f4e0a8e0fb5a,83,90,5,6
8a504f1d-b42c-4328-8571-f4e0a8e0fb5a,77,71,9,11
8a504f1d-b42c-4328-8571-f4e0a8e0fb5a,61,61,11,12
5620c301-4fee-478e-bdb0-124a00010443,195,164,13,14
5620c301-4fee-478e-bdb0-124a00010443,160,143,44,17
5620c301-4fee-478e-bdb0-124a00010443,172,135,4,5
5620c301-4fee-478e-bdb0-124a00010443,167,131,9,3
93550df9-7f67-404f-a974-516acecd5c48,146,153,2,2
93550df9-7f67-404f-a974-516acecd5c48,149,149,7,7
93550df9-7f67-404f-a974-516acecd5c48,147,147,7,1
93550df9-7f67-404f-a974-516acecd5c48,161,136,13,14
32fbc636-5413-419b-8539-6e6a7cca9f4b,0,151,8,33
32fbc636-5413-419b-8539-6e6a7cca9f4b,64,147,2,6
32fbc636-5413-419b-8539-6e6a7cca9f4b,67,145,6,9
32fbc636-5413-419b-8539-6e6a7cca9f4b,41,135,1,4
32fbc636-5413-419b-8539-6e6a7cca9f4b,47,131,8,9
32fbc636-5413-419b-8539-6e6a7cca9f4b,22,130,16,16
32fbc636-5413-419b-8539-6e6a7cca9f4b,0,124,8,22
32fbc636-5413-419b-8539-6e6a7cca9f4b,67,93,11,10
6f3d76ce-9c4e-4e4c-b344-776d764e1be8,154,120,10,11
6f3d76ce-9c4e-4e4c-b344-776d764e1be8,158,118,2,1
6f3d76ce-9c4e-4e4c-b344-776d764e1be8,158,102,10,13
6f3d76ce-9c4e-4e4c-b344-776d764e1be8,202,66,14,13
6f3d76ce-9c4e-4e4c-b344-776d764e1be8,138,61,31,28
17bb233f-6ee9-4645-92ee-b415499f691a,69,107,7,5
17bb233f-6ee9-4645-92ee-b415499f691a,52,101,9,11
17bb233f-6ee9-4645-92ee-b415499f691a,66,76,18,20
17bb233f-6ee9-4645-92ee-b415499f691a,66,60,12,12
17bb233f-6ee9-4645-92ee-b415499f691a,33,60,22,28
17bb233f-6ee9-4645-92ee-b415499f691a,60,34,24,24
0b0073e0-9c19-4da4-88f2-b3d2ebc6f1f4,215,157,9,19
0b0073e0-9c19-4da4-88f2-b3d2ebc6f1f4,109,125,10,11
0b0073e0-9c19-4da4-88f2-b3d2ebc6f1f4,126,124,10,9
0b0073e0-9c19-4da4-88f2-b3d2ebc6f1f4,209,114,15,31
4703da4b-5d0c-416a-9ebe-39d1776bf593,159,151,9,9
4703da4b-5d0c-416a-9ebe-39d1776bf593,171,127,1,3
4703da4b-5d0c-416a-9ebe-39d1776bf593,218,122,6,42
4703da4b-5d0c-416a-9ebe-39d1776bf593,218,106,6,15
4703da4b-5d0c-416a-9ebe-39d1776bf593,219,102,5,2
11a41e42-fdb4-4216-9e04-d4914fe2186e,218,153,6,11
11a41e42-fdb4-4216-9e04-d4914fe2186e,82,99,11,9
11a41e42-fdb4-4216-9e04-d4914fe2186e,45,94,17,15
11a41e42-fdb4-4216-9e04-d4914fe2186e,0,0,18,8
8bd6bfaa-af66-435f-95c3-99c9f5e7074b,62,122,14,25
8bd6bfaa-af66-435f-95c3-99c9f5e7074b,75,99,28,24
8bd6bfaa-af66-435f-95c3-99c9f5e7074b,61,94,8,8
74457e4b-4059-4ba4-959a-3a8e12b7d5f8,63,195,10,10
74457e4b-4059-4ba4-959a-3a8e12b7d5f8,68,183,9,9
74457e4b-4059-4ba4-959a-3a8e12b7d5f8,65,170,10,10
74457e4b-4059-4ba4-959a-3a8e12b7d5f8,185,165,39,34
74457e4b-4059-4ba4-959a-3a8e12b7d5f8,219,160,1,4
74457e4b-4059-4ba4-959a-3a8e12b7d5f8,210,158,2,6
74457e4b-4059-4ba4-959a-3a8e12b7d5f8,219,136,3,8
74457e4b-4059-4ba4-959a-3a8e12b7d5f8,138,125,10,10
74457e4b-4059-4ba4-959a-3a8e12b7d5f8,143,98,9,9
74457e4b-4059-4ba4-959a-3a8e12b7d5f8,170,93,18,21
f630809e-2498-44af-beaa-dda23a36cf20,79,99,15,19
f630809e-2498-44af-beaa-dda23a36cf20,106,67,2,7
f630809e-2498-44af-beaa-dda23a36cf20,109,66,8,10
f630809e-2498-44af-beaa-dda23a36cf20,89,63,3,7
a422ca04-b11f-4995-a7b7-a9f4c0988f30,43,150,18,13
a422ca04-b11f-4995-a7b7-a9f4c0988f30,79,143,20,15
a422ca04-b11f-4995-a7b7-a9f4c0988f30,82,126,10,11
a422ca04-b11f-4995-a7b7-a9f4c0988f30,217,123,7,25
a422ca04-b11f-4995-a7b7-a9f4c0988f30,7,123,9,9
a422ca04-b11f-4995-a7b7-a9f4c0988f30,70,120,7,2
a422ca04-b11f-4995-a7b7-a9f4c0988f30,86,106,18,16
a422ca04-b11f-4995-a7b7-a9f4c0988f30,214,94,10,15
a422ca04-b11f-4995-a7b7-a9f4c0988f30,156,92,10,10
a422ca04-b11f-4995-a7b7-a9f4c0988f30,58,84,11,9
a6a38450-9151-4178-a830-a08e0223f8a5,47,150,26,19
a6a38450-9151-4178-a830-a08e0223f8a5,31,138,14,15
a6a38450-9151-4178-a830-a08e0223f8a5,45,117,18,19
a6a38450-9151-4178-a830-a08e0223f8a5,34,117,10,9
3de7efd4-d074-4fee-95d7-4718e4d7df91,162,218,11,6
3de7efd4-d074-4fee-95d7-4718e4d7df91,132,218,28,6
3de7efd4-d074-4fee-95d7-4718e4d7df91,154,177,15,16
3de7efd4-d074-4fee-95d7-4718e4d7df91,146,170,10,10
3de7efd4-d074-4fee-95d7-4718e4d7df91,170,164,19,27
3de7efd4-d074-4fee-95d7-4718e4d7df91,165,159,2,4
3de7efd4-d074-4fee-95d7-4718e4d7df91,217,158,7,21
3de7efd4-d074-4fee-95d7-4718e4d7df91,184,158,2,2
3de7efd4-d074-4fee-95d7-4718e4d7df91,158,154,6,6
3de7efd4-d074-4fee-95d7-4718e4d7df91,162,130,21,30
acfec3cb-9511-4f09-977c-87b061bd50dd,33,133,7,7
acfec3cb-9511-4f09-977c-87b061bd50dd,92,122,12,18
acfec3cb-9511-4f09-977c-87b061bd50dd,33,113,12,10
acfec3cb-9511-4f09-977c-87b061bd50dd,132,83,24,21
acfec3cb-9511-4f09-977c-87b061bd50dd,120,72,12,10
000db696-cf54-4385-b10b-6b16fbb3f985,64,124,20,12
000db696-cf54-4385-b10b-6b16fbb3f985,88,106,13,10
000db696-cf54-4385-b10b-6b16fbb3f985,94,94,8,7
000db696-cf54-4385-b10b-6b16fbb3f985,65,88,19,22
000db696-cf54-4385-b10b-6b16fbb3f985,94,64,12,13
48029094-265a-43e6-9e29-455237085578,79,141,8,7
48029094-265a-43e6-9e29-455237085578,35,120,8,8
48029094-265a-43e6-9e29-455237085578,50,101,15,13
48029094-265a-43e6-9e29-455237085578,65,92,16,15
48029094-265a-43e6-9e29-455237085578,86,70,10,10
fcb06a43-8652-4bbf-bdf8-bb961137302a,218,116,6,16
fcb06a43-8652-4bbf-bdf8-bb961137302a,219,97,5,7
fcb06a43-8652-4bbf-bdf8-bb961137302a,217,76,7,17
fcb06a43-8652-4bbf-bdf8-bb961137302a,159,69,7,10
b54f130a-94fc-49ae-a6b2-5e1c870720a7,0,0,14,8
a37e89b4-7aa4-42f0-969f-f92816142442,215,102,9,24
a37e89b4-7aa4-42f0-969f-f92816142442,169,74,10,10
bb509940-e147-4ff1-806b-a82890182d5b,0,108,8,18
bb509940-e147-4ff1-806b-a82890182d5b,0,105,6,2
bb509940-e147-4ff1-806b-a82890182d5b,0,94,7,10
bb509940-e147-4ff1-806b-a82890182d5b,122,84,10,11
bb509940-e147-4ff1-806b-a82890182d5b,0,73,8,20
bb509940-e147-4ff1-806b-a82890182d5b,142,62,9,9
bb509940-e147-4ff1-806b-a82890182d5b,35,62,18,28
bb509940-e147-4ff1-806b-a82890182d5b,0,62,7,10
08f1b734-cd93-42c0-b978-9e1e1021bb55,78,141,10,10
08f1b734-cd93-42c0-b978-9e1e1021bb55,58,106,27,29
03249840-0a17-448c-bf41-7e156428ab59,75,94,36,61
559415a8-f9bc-40ed-9ac0-0f60104e7e9c,70,150,10,10
559415a8-f9bc-40ed-9ac0-0f60104e7e9c,218,114,6,13
559415a8-f9bc-40ed-9ac0-0f60104e7e9c,219,110,5,3
559415a8-f9bc-40ed-9ac0-0f60104e7e9c,87,100,2,3
559415a8-f9bc-40ed-9ac0-0f60104e7e9c,57,90,30,34
559415a8-f9bc-40ed-9ac0-0f60104e7e9c,33,77,13,15
559415a8-f9bc-40ed-9ac0-0f60104e7e9c,77,75,7,6
a681ac25-1798-4c81-8e28-a1c5014e00bf,70,163,14,17
a681ac25-1798-4c81-8e28-a1c5014e00bf,56,122,21,15
a681ac25-1798-4c81-8e28-a1c5014e00bf,65,95,6,7
815dd1c1-3e01-4038-9723-39d05e8b3cd3,150,183,10,8
815dd1c1-3e01-4038-9723-39d05e8b3cd3,98,174,10,11
815dd1c1-3e01-4038-9723-39d05e8b3cd3,69,168,9,10
815dd1c1-3e01-4038-9723-39d05e8b3cd3,84,153,12,11
815dd1c1-3e01-4038-9723-39d05e8b3cd3,84,132,10,11
815dd1c1-3e01-4038-9723-39d05e8b3cd3,70,122,12,11
815dd1c1-3e01-4038-9723-39d05e8b3cd3,75,107,9,9
815dd1c1-3e01-4038-9723-39d05e8b3cd3,86,106,18,21
815dd1c1-3e01-4038-9723-39d05e8b3cd3,77,93,9,8
815dd1c1-3e01-4038-9723-39d05e8b3cd3,63,85,11,11
815dd1c1-3e01-4038-9723-39d05e8b3cd3,99,63,9,9
bfa45a99-7125-4d61-966b-c51e54dcbf10,172,121,16,16
bfa45a99-7125-4d61-966b-c51e54dcbf10,174,97,10,9
1b4d9ebb-644e-4602-ad36-d83cf7415be6,77,178,2,5
1b4d9ebb-644e-4602-ad36-d83cf7415be6,73,163,19,25
1b4d9ebb-644e-4602-ad36-d83cf7415be6,32,163,12,11
1b4d9ebb-644e-4602-ad36-d83cf7415be6,62,158,7,7
1b4d9ebb-644e-4602-ad36-d83cf7415be6,3,135,9,10
1b4d9ebb-644e-4602-ad36-d83cf7415be6,38,132,21,19
d47f354b-d29d-48b9-9c54-07c1e981bef4,0,0,14,8
3b411a6e-270d-48d6-a3db-fbb4635151dd,78,128,20,21
3538b9f3-b604-4e3c-8f04-bb5b1127733c,163,189,11,10
3538b9f3-b604-4e3c-8f04-bb5b1127733c,177,182,10,9
3538b9f3-b604-4e3c-8f04-bb5b1127733c,198,180,17,14
3538b9f3-b604-4e3c-8f04-bb5b1127733c,206,157,10,14
3538b9f3-b604-4e3c-8f04-bb5b1127733c,217,156,7,36
3538b9f3-b604-4e3c-8f04-bb5b1127733c,218,134,6,14
8ce28cb3-1184-4792-b774-229fa7dd633e,177,142,7,10
8ce28cb3-1184-4792-b774-229fa7dd633e,185,137,13,13
8ce28cb3-1184-4792-b774-229fa7dd633e,150,126,19,33
8ce28cb3-1184-4792-b774-229fa7dd633e,218,114,6,8
8ce28cb3-1184-4792-b774-229fa7dd633e,145,97,11,11
8ce28cb3-1184-4792-b774-229fa7dd633e,218,95,6,7
47ec1b70-a18d-4c98-a313-4999a4059742,219,143,3,5
47ec1b70-a18d-4c98-a313-4999a4059742,215,114,9,28
47ec1b70-a18d-4c98-a313-4999a4059742,213,94,11,16
47ec1b70-a18d-4c98-a313-4999a4059742,214,81,10,11
3a9196af-16e0-4a6a-95e4-426614770eb2,173,173,13,13
3a9196af-16e0-4a6a-95e4-426614770eb2,211,167,13,17
3a9196af-16e0-4a6a-95e4-426614770eb2,199,158,9,9
3a9196af-16e0-4a6a-95e4-426614770eb2,158,158,13,11
3a9196af-16e0-4a6a-95e4-426614770eb2,172,126,4,5
09d2a8d3-3ef9-4e91-8abe-d1c127747905,143,107,4,1
09d2a8d3-3ef9-4e91-8abe-d1c127747905,124,107,12,14
09d2a8d3-3ef9-4e91-8abe-d1c127747905,140,94,13,12
ac1f192d-7a24-44c3-9175-819291bd4db9,144,168,26,25
ac1f192d-7a24-44c3-9175-819291bd4db9,166,161,6,2
ac1f192d-7a24-44c3-9175-819291bd4db9,161,146,11,10
d5cbd64c-322b-4460-ad0e-c9a23e781f3e,67,152,13,12
7a0105da-41e6-4500-8626-fb6e8f0dac5a,219,147,2,7
7a0105da-41e6-4500-8626-fb6e8f0dac5a,218,126,6,12
7a0105da-41e6-4500-8626-fb6e8f0dac5a,194,118,9,9
7a0105da-41e6-4500-8626-fb6e8f0dac5a,218,94,6,31
7a0105da-41e6-4500-8626-fb6e8f0dac5a,68,85,31,38
7a0105da-41e6-4500-8626-fb6e8f0dac5a,79,79,8,7
7a0105da-41e6-4500-8626-fb6e8f0dac5a,219,73,5,9
af15d432-68fc-4a2f-b456-a0366722799f,139,125,30,26
7092a623-6d2d-4ecb-abed-be46296c4d7e,118,153,22,11
7092a623-6d2d-4ecb-abed-be46296c4d7e,162,130,12,12
7092a623-6d2d-4ecb-abed-be46296c4d7e,55,125,18,11
7092a623-6d2d-4ecb-abed-be46296c4d7e,28,118,10,12
7092a623-6d2d-4ecb-abed-be46296c4d7e,30,96,12,14
9911bf13-bce6-4b33-b866-1944aca8fab0,77,133,6,6
9911bf13-bce6-4b33-b866-1944aca8fab0,147,120,23,18
9911bf13-bce6-4b33-b866-1944aca8fab0,62,110,10,10
9911bf13-bce6-4b33-b866-1944aca8fab0,143,106,13,11
9911bf13-bce6-4b33-b866-1944aca8fab0,142,98,10,6
5f8ecc2d-d8b8-4974-b327-7920315c55aa,162,143,9,9
5f8ecc2d-d8b8-4974-b327-7920315c55aa,188,139,10,10
5f8ecc2d-d8b8-4974-b327-7920315c55aa,218,136,6,12
5f8ecc2d-d8b8-4974-b327-7920315c55aa,172,110,26,17
5f8ecc2d-d8b8-4974-b327-7920315c55aa,218,101,6,33
5f8ecc2d-d8b8-4974-b327-7920315c55aa,219,94,5,3
5f8ecc2d-d8b8-4974-b327-7920315c55aa,187,93,21,18
33c80447-e65b-41f8-ad03-523b78048641,73,162,5,2
33c80447-e65b-41f8-ad03-523b78048641,189,109,10,9
33c80447-e65b-41f8-ad03-523b78048641,98,107,11,16
33c80447-e65b-41f8-ad03-523b78048641,153,90,13,12
33c80447-e65b-41f8-ad03-523b78048641,174,78,22,21
33c80447-e65b-41f8-ad03-523b78048641,215,70,9,22
b4686a9f-c3a6-4cba-9400-b35ba566b74e,92,141,9,9
b4686a9f-c3a6-4cba-9400-b35ba566b74e,218,130,6,31
b4686a9f-c3a6-4cba-9400-b35ba566b74e,187,124,25,40
b4686a9f-c3a6-4cba-9400-b35ba566b74e,219,107,5,9
b4686a9f-c3a6-4cba-9400-b35ba566b74e,193,100,3,5
b4686a9f-c3a6-4cba-9400-b35ba566b74e,187,100,3,5
b4686a9f-c3a6-4cba-9400-b35ba566b74e,197,98,9,9
85a40af4-f5e5-4fae-8260-6c6031a73e0b,218,138,6,15
85a40af4-f5e5-4fae-8260-6c6031a73e0b,82,130,18,13
2a15b6f2-2a17-454d-b14c-ba1bb4bd79f4,28,217,32,7
2a15b6f2-2a17-454d-b14c-ba1bb4bd79f4,37,214,3,1
2a15b6f2-2a17-454d-b14c-ba1bb4bd79f4,34,187,18,21
2a15b6f2-2a17-454d-b14c-ba1bb4bd79f4,50,186,1,1
2a15b6f2-2a17-454d-b14c-ba1bb4bd79f4,69,177,11,11
2a15b6f2-2a17-454d-b14c-ba1bb4bd79f4,71,166,4,4
31a115d1-ad82-4fd8-be3d-76d918338afa,52,134,22,19
31a115d1-ad82-4fd8-be3d-76d918338afa,51,132,4,1
b0502b9f-b85c-4cac-9e8f-325ed59315e0,70,149,14,12
b0502b9f-b85c-4cac-9e8f-325ed59315e0,38,92,13,14
b0502b9f-b85c-4cac-9e8f-325ed59315e0,60,84,15,24
b0502b9f-b85c-4cac-9e8f-325ed59315e0,46,70,12,11
eadbf3c9-f034-4b29-9a46-b90a16978a2a,175,154,9,9
eadbf3c9-f034-4b29-9a46-b90a16978a2a,146,123,12,13
eadbf3c9-f034-4b29-9a46-b90a16978a2a,175,96,12,11
67ce8121-c2fd-493a-ae78-f256b3c1b0f0,50,106,18,18
67ce8121-c2fd-493a-ae78-f256b3c1b0f0,40,91,9,11
67ce8121-c2fd-493a-ae78-f256b3c1b0f0,169,74,11,10
67ce8121-c2fd-493a-ae78-f256b3c1b0f0,138,67,22,29
67ce8121-c2fd-493a-ae78-f256b3c1b0f0,167,63,8,7
48d31260-a62e-4b8a-9d3c-cdc6da1a962f,180,115,10,10
48d31260-a62e-4b8a-9d3c-cdc6da1a962f,119,107,15,16
48d31260-a62e-4b8a-9d3c-cdc6da1a962f,134,91,17,14
48d31260-a62e-4b8a-9d3c-cdc6da1a962f,133,63,23,27
ce8e0d85-44a8-4b05-b421-cc5c510aa7a5,50,122,9,10
ce8e0d85-44a8-4b05-b421-cc5c510aa7a5,50,104,8,8
ce8e0d85-44a8-4b05-b421-cc5c510aa7a5,74,102,21,24
ce8e0d85-44a8-4b05-b421-cc5c510aa7a5,114,101,22,24
ce8e0d85-44a8-4b05-b421-cc5c510aa7a5,42,86,10,9
ce8e0d85-44a8-4b05-b421-cc5c510aa7a5,86,74,14,11
ce8e0d85-44a8-4b05-b421-cc5c510aa7a5,83,63,8,9
b2d2ef9e-fabe-4e70-b36a-e1e62e0a00f2,98,166,14,15
b2d2ef9e-fabe-4e70-b36a-e1e62e0a00f2,94,133,7,2
b2d2ef9e-fabe-4e70-b36a-e1e62e0a00f2,60,125,33,38
b2d2ef9e-fabe-4e70-b36a-e1e62e0a00f2,96,118,10,11
b2d2ef9e-fabe-4e70-b36a-e1e62e0a00f2,75,93,21,18
3da7cc6a-7864-4ab8-8842-297650b7db19,163,155,7,8
3da7cc6a-7864-4ab8-8842-297650b7db19,66,119,9,8
3da7cc6a-7864-4ab8-8842-297650b7db19,86,116,2,3
3da7cc6a-7864-4ab8-8842-297650b7db19,174,114,4,2
3da7cc6a-7864-4ab8-8842-297650b7db19,185,110,11,9
3da7cc6a-7864-4ab8-8842-297650b7db19,81,103,9,9
3da7cc6a-7864-4ab8-8842-297650b7db19,199,102,9,10
3da7cc6a-7864-4ab8-8842-297650b7db19,74,100,4,4
3da7cc6a-7864-4ab8-8842-297650b7db19,62,95,13,21
3da7cc6a-7864-4ab8-8842-297650b7db19,185,94,11,10
3da7cc6a-7864-4ab8-8842-297650b7db19,147,94,35,43
3da7cc6a-7864-4ab8-8842-297650b7db19,141,78,6,8
3da7cc6a-7864-4ab8-8842-297650b7db19,185,70,7,8
3da7cc6a-7864-4ab8-8842-297650b7db19,91,67,9,10
b8d6b40d-2a3d-475f-88d3-03560f645223,158,107,23,24
b8d6b40d-2a3d-475f-88d3-03560f645223,155,76,9,10
b8d6b40d-2a3d-475f-88d3-03560f645223,163,74,25,30
0d587b82-827b-4e80-af20-4ee8207700ee,0,0,8,8
1352a7f3-1f0d-4f1f-af05-daa5d7f8624a,70,77,16,16
1352a7f3-1f0d-4f1f-af05-daa5d7f8624a,70,62,10,10
b45e1b50-d497-4b91-9b79-5050fd0e6800,175,118,9,9
b45e1b50-d497-4b91-9b79-5050fd0e6800,166,86,10,10
b45e1b50-d497-4b91-9b79-5050fd0e6800,161,61,19,17
69a4ab5a-da8a-4a93-9d83-801a700003e8,214,119,10,13
aaf27f12-2f10-4f29-bff2-ab9407234c83,83,171,9,10
aaf27f12-2f10-4f29-bff2-ab9407234c83,41,159,15,15
aaf27f12-2f10-4f29-bff2-ab9407234c83,29,157,9,9
aaf27f12-2f10-4f29-bff2-ab9407234c83,46,140,12,12
8f460d7d-164d-4f3e-b3eb-1c9f0c43b49e,211,106,13,16
8f460d7d-164d-4f3e-b3eb-1c9f0c43b49e,150,76,28,19
8f460d7d-164d-4f3e-b3eb-1c9f0c43b49e,207,73,9,9
8f460d7d-164d-4f3e-b3eb-1c9f0c43b49e,218,67,6,13
8f460d7d-164d-4f3e-b3eb-1c9f0c43b49e,168,57,21,23
f743c21e-5876-460b-bbd6-2e2dcca41baa,73,148,10,11
f743c21e-5876-460b-bbd6-2e2dcca41baa,30,129,10,10
f743c21e-5876-460b-bbd6-2e2dcca41baa,86,99,12,13
a1fb3bf8-b4bc-4dd2-9cbe-e4b2ce75789e,94,142,14,20
b551156f-a0e0-4895-9bd5-c4e6307f077a,98,104,11,10
b551156f-a0e0-4895-9bd5-c4e6307f077a,119,102,1,1
b551156f-a0e0-4895-9bd5-c4e6307f077a,218,92,6,10
b551156f-a0e0-4895-9bd5-c4e6307f077a,162,86,20,18
b551156f-a0e0-4895-9bd5-c4e6307f077a,216,78,8,12
b551156f-a0e0-4895-9bd5-c4e6307f077a,149,69,15,15
b551156f-a0e0-4895-9bd5-c4e6307f077a,0,0,6,6
32827da4-939c-46de-85db-a2d75cb0dfad,215,167,1,7
32827da4-939c-46de-85db-a2d75cb0dfad,202,140,10,10
32827da4-939c-46de-85db-a2d75cb0dfad,206,123,18,51
32827da4-939c-46de-85db-a2d75cb0dfad,219,102,2,8
32827da4-939c-46de-85db-a2d75cb0dfad,202,98,10,10
b07a3786-2c97-4204-8fa3-4b303d4d655f,211,75,13,24
b07a3786-2c97-4204-8fa3-4b303d4d655f,179,62,13,11
b8fbe64b-f29f-4c6e-9b4e-999d69719ab8,219,115,1,3
b8fbe64b-f29f-4c6e-9b4e-999d69719ab8,179,110,9,9
b8fbe64b-f29f-4c6e-9b4e-999d69719ab8,183,98,5,5
b8fbe64b-f29f-4c6e-9b4e-999d69719ab8,150,54,25,37
b3332044-d191-4d1d-8cca-b11c30c79fa8,36,144,19,20
b3332044-d191-4d1d-8cca-b11c30c79fa8,71,124,25,14
a082d750-3663-46ca-bf52-cc32b2f403c9,69,139,15,13
a082d750-3663-46ca-bf52-cc32b2f403c9,62,124,14,11
1555c17d-994a-4400-b62b-4b53fc727da3,169,82,17,22
1555c17d-994a-4400-b62b-4b53fc727da3,173,62,7,9
905cf7dc-9b4f-4c3d-816c-65c3b6be7237,173,187,7,7
905cf7dc-9b4f-4c3d-816c-65c3b6be7237,130,161,24,18
d037df85-c86e-43cb-a14e-7bf57ee9b5ad,208,92,16,25
0fda72a2-f383-4f69-af8e-e16a0fbac621,62,98,26,45
0fda72a2-f383-4f69-af8e-e16a0fbac621,77,87,1,1
0fda72a2-f383-4f69-af8e-e16a0fbac621,106,70,9,9
0fda72a2-f383-4f69-af8e-e16a0fbac621,60,62,20,32
0fda72a2-f383-4f69-af8e-e16a0fbac621,50,60,10,12
4ae0b788-62b6-486c-a95c-76764250c086,126,135,20,23
4ae0b788-62b6-486c-a95c-76764250c086,174,122,15,17
ac29e848-bceb-4233-8a07-14778f17d575,218,183,2,5
ac29e848-bceb-4233-8a07-14778f17d575,176,176,11,12
ac29e848-bceb-4233-8a07-14778f17d575,128,150,17,14
ac29e848-bceb-4233-8a07-14778f17d575,147,147,9,9
ac29e848-bceb-4233-8a07-14778f17d575,162,140,34,21
ac29e848-bceb-4233-8a07-14778f17d575,217,124,7,33
ac29e848-bceb-4233-8a07-14778f17d575,172,124,9,9
ac29e848-bceb-4233-8a07-14778f17d575,182,112,14,12
ac29e848-bceb-4233-8a07-14778f17d575,183,92,9,9
1f4741e6-a0ae-41b2-8b70-bf7e927f1b13,207,207,9,9
1f4741e6-a0ae-41b2-8b70-bf7e927f1b13,168,137,4,5
1f4741e6-a0ae-41b2-8b70-bf7e927f1b13,213,124,11,21
d5277276-f8f8-40e9-b8e1-791cf5d96ac0,66,150,10,10
d5277276-f8f8-40e9-b8e1-791cf5d96ac0,31,146,15,18
d5277276-f8f8-40e9-b8e1-791cf5d96ac0,28,102,9,9
b8131ece-c783-4814-9ce7-c0edfc2c9c64,63,126,7,6
b8131ece-c783-4814-9ce7-c0edfc2c9c64,73,114,13,15
b8131ece-c783-4814-9ce7-c0edfc2c9c64,95,105,9,8
b8fa31a7-52ba-4bd1-8b63-0568b6935306,209,167,15,13
b8fa31a7-52ba-4bd1-8b63-0568b6935306,214,132,10,32
b8fa31a7-52ba-4bd1-8b63-0568b6935306,219,103,3,8
b8fa31a7-52ba-4bd1-8b63-0568b6935306,46,100,11,12
0361ea80-0215-4bbe-9bca-908ea7c4f8b6,166,178,11,10
0361ea80-0215-4bbe-9bca-908ea7c4f8b6,158,154,10,10
0361ea80-0215-4bbe-9bca-908ea7c4f8b6,171,142,9,9
0361ea80-0215-4bbe-9bca-908ea7c4f8b6,153,139,9,9
0361ea80-0215-4bbe-9bca-908ea7c4f8b6,183,126,17,13
0361ea80-0215-4bbe-9bca-908ea7c4f8b6,142,125,10,11
0361ea80-0215-4bbe-9bca-908ea7c4f8b6,183,103,9,9
b5ea0a2e-1122-4183-931c-8027caf1eb8d,0,143,7,16
b5ea0a2e-1122-4183-931c-8027caf1eb8d,0,103,8,38
b5ea0a2e-1122-4183-931c-8027caf1eb8d,0,77,8,25
b5ea0a2e-1122-4183-931c-8027caf1eb8d,41,62,10,10
97558fff-a0e4-4d73-98da-0de2750873fb,95,116,21,16
97558fff-a0e4-4d73-98da-0de2750873fb,83,67,9,8
ba1e3912-82c7-4e15-9c46-46fbf780b2d9,62,94,14,14
ba1e3912-82c7-4e15-9c46-46fbf780b2d9,43,85,1,1
ba1e3912-82c7-4e15-9c46-46fbf780b2d9,78,82,19,24
ba1e3912-82c7-4e15-9c46-46fbf780b2d9,68,78,9,10
ba1e3912-82c7-4e15-9c46-46fbf780b2d9,174,29,11,11
3a0c1a58-6d13-43f3-a5a0-07d8ecdf7fd5,87,120,9,8
3a0c1a58-6d13-43f3-a5a0-07d8ecdf7fd5,54,110,23,22
3a0c1a58-6d13-43f3-a5a0-07d8ecdf7fd5,38,107,2,6
3a0c1a58-6d13-43f3-a5a0-07d8ecdf7fd5,38,89,11,10
3a0c1a58-6d13-43f3-a5a0-07d8ecdf7fd5,54,75,35,23
3a0c1a58-6d13-43f3-a5a0-07d8ecdf7fd5,33,62,19,20
50e589e1-e878-4994-b29f-ce9d731ac2db,65,69,13,12
776b44fa-43e6-4f7b-87fb-7ae97763085f,218,154,6,9
776b44fa-43e6-4f7b-87fb-7ae97763085f,47,144,12,15
776b44fa-43e6-4f7b-87fb-7ae97763085f,150,137,14,23
776b44fa-43e6-4f7b-87fb-7ae97763085f,49,128,11,11
3766b0a6-1769-4d82-b081-fa53531de34e,52,134,12,16
baed4093-ba48-42d5-8479-92b2612217e0,30,126,18,20
baed4093-ba48-42d5-8479-92b2612217e0,39,101,25,24
2a37f773-2855-4765-989e-0991de60bd0c,214,110,10,20
2a37f773-2855-4765-989e-0991de60bd0c,170,109,10,10
2a37f773-2855-4765-989e-0991de60bd0c,191,102,1,2
2a37f773-2855-4765-989e-0991de60bd0c,137,78,9,6
2a37f773-2855-4765-989e-0991de60bd0c,218,68,6,9
2a37f773-2855-4765-989e-0991de60bd0c,146,63,10,9
2a37f773-2855-4765-989e-0991de60bd0c,158,60,32,48
32721abb-10c7-4797-88c6-bf47d32e95e6,129,190,13,13
4525bf0b-20b4-4f4f-9149-e32632812d89,173,143,23,18
4525bf0b-20b4-4f4f-9149-e32632812d89,201,104,23,34
f9ccffe6-0f7b-43d7-9962-84888673fb57,210,219,1,1
f9ccffe6-0f7b-43d7-9962-84888673fb57,216,218,4,6
f9ccffe6-0f7b-43d7-9962-84888673fb57,182,172,20,19
f9ccffe6-0f7b-43d7-9962-84888673fb57,218,170,6,26
f9ccffe6-0f7b-43d7-9962-84888673fb57,170,163,7,5
f9ccffe6-0f7b-43d7-9962-84888673fb57,178,157,2,1
f9ccffe6-0f7b-43d7-9962-84888673fb57,184,156,4,3
f9ccffe6-0f7b-43d7-9962-84888673fb57,194,150,19,23
f9ccffe6-0f7b-43d7-9962-84888673fb57,184,149,4,2
f9ccffe6-0f7b-43d7-9962-84888673fb57,178,148,4,8
c31be560-cec0-4ada-b2e1-be51c2e8bb22,94,148,16,15
c31be560-cec0-4ada-b2e1-be51c2e8bb22,76,148,14,14
79bb5ea3-ca6c-4d75-a379-a6ee6c6da659,62,90,26,21
1748e4e2-5c73-4794-81fe-2c5fe4af8cdd,82,154,7,8
1748e4e2-5c73-4794-81fe-2c5fe4af8cdd,61,153,15,10
1748e4e2-5c73-4794-81fe-2c5fe4af8cdd,41,153,12,11
1748e4e2-5c73-4794-81fe-2c5fe4af8cdd,30,129,14,14
1748e4e2-5c73-4794-81fe-2c5fe4af8cdd,48,119,8,9
1748e4e2-5c73-4794-81fe-2c5fe4af8cdd,30,98,8,9
ac9106d5-8cbc-46b0-b27e-8c998b04ef51,3,145,9,7
ac9106d5-8cbc-46b0-b27e-8c998b04ef51,71,135,15,15
ac9106d5-8cbc-46b0-b27e-8c998b04ef51,76,65,13,9
84a14ff5-f4fe-4ee4-9873-ccb84b76d5a8,178,117,14,12
84a14ff5-f4fe-4ee4-9873-ccb84b76d5a8,165,91,9,9
84a14ff5-f4fe-4ee4-9873-ccb84b76d5a8,170,78,10,10
84a14ff5-f4fe-4ee4-9873-ccb84b76d5a8,161,61,19,11
2cfbc16c-f1e4-4ed2-b9eb-4d0c40b90800,158,106,10,13
2cfbc16c-f1e4-4ed2-b9eb-4d0c40b90800,169,100,15,11
2cfbc16c-f1e4-4ed2-b9eb-4d0c40b90800,146,85,18,16
2cfbc16c-f1e4-4ed2-b9eb-4d0c40b90800,131,66,14,22
2cfbc16c-f1e4-4ed2-b9eb-4d0c40b90800,166,62,25,30
2cfbc16c-f1e4-4ed2-b9eb-4d0c40b90800,140,46,9,9
2673d0ba-ab94-4aac-8a9f-1599818c2c12,139,170,12,13
2673d0ba-ab94-4aac-8a9f-1599818c2c12,217,166,7,13
2673d0ba-ab94-4aac-8a9f-1599818c2c12,218,152,6,11
2673d0ba-ab94-4aac-8a9f-1599818c2c12,143,138,9,3
2673d0ba-ab94-4aac-8a9f-1599818c2c12,155,131,18,12
2673d0ba-ab94-4aac-8a9f-1599818c2c12,173,110,18,20
2673d0ba-ab94-4aac-8a9f-1599818c2c12,151,95,9,9
2673d0ba-ab94-4aac-8a9f-1599818c2c12,183,93,10,10
72de59ee-6a34-42d7-8379-66af5f507bbc,46,95,17,17
72de59ee-6a34-42d7-8379-66af5f507bbc,0,88,15,29
72de59ee-6a34-42d7-8379-66af5f507bbc,42,80,12,13
72de59ee-6a34-42d7-8379-66af5f507bbc,0,75,8,11
72de59ee-6a34-42d7-8379-66af5f507bbc,0,60,8,14
680d309d-3aa5-4883-ae61-1b211286f5a4,176,141,17,12
680d309d-3aa5-4883-ae61-1b211286f5a4,173,141,2,8
680d309d-3aa5-4883-ae61-1b211286f5a4,140,141,22,17
ba96958c-acdc-46a1-9914-d0424361a07b,72,60,12,10
4a2078dc-3789-43b2-a31e-19014d4fe3eb,80,98,31,29
71a747b4-d566-4590-8a69-4176501f6884,163,74,24,20
71a747b4-d566-4590-8a69-4176501f6884,215,62,9,14
18c4af3d-0768-4f17-9c1f-d6f8199098ac,212,164,12,15
18c4af3d-0768-4f17-9c1f-d6f8199098ac,71,142,14,11
18c4af3d-0768-4f17-9c1f-d6f8199098ac,47,132,8,4
18c4af3d-0768-4f17-9c1f-d6f8199098ac,62,125,16,13
18c4af3d-0768-4f17-9c1f-d6f8199098ac,73,93,24,24
93059609-6473-4853-9413-7ecd7d3dae96,199,186,9,9
93059609-6473-4853-9413-7ecd7d3dae96,211,154,2,1
93059609-6473-4853-9413-7ecd7d3dae96,177,151,19,20
93059609-6473-4853-9413-7ecd7d3dae96,173,148,5,3
93059609-6473-4853-9413-7ecd7d3dae96,186,142,5,5
93059609-6473-4853-9413-7ecd7d3dae96,157,142,10,10
93059609-6473-4853-9413-7ecd7d3dae96,218,132,6,50
93059609-6473-4853-9413-7ecd7d3dae96,167,132,10,8
93059609-6473-4853-9413-7ecd7d3dae96,211,128,5,8
93059609-6473-4853-9413-7ecd7d3dae96,219,102,3,6
16923fe0-5e98-4bcf-92e6-65d10161660d,63,124,33,24
16923fe0-5e98-4bcf-92e6-65d10161660d,73,100,6,9
d5d7c95e-0682-4b93-bf0b-5dff2fa91a92,166,116,18,12
d5d7c95e-0682-4b93-bf0b-5dff2fa91a92,165,104,12,12
d5d7c95e-0682-4b93-bf0b-5dff2fa91a92,186,102,10,10
d5d7c95e-0682-4b93-bf0b-5dff2fa91a92,174,76,22,18
d5d7c95e-0682-4b93-bf0b-5dff2fa91a92,67,75,9,9
d5d7c95e-0682-4b93-bf0b-5dff2fa91a92,150,67,14,26
d5d7c95e-0682-4b93-bf0b-5dff2fa91a92,63,63,9,7
d5d7c95e-0682-4b93-bf0b-5dff2fa91a92,179,62,9,9
d5d7c95e-0682-4b93-bf0b-5dff2fa91a92,109,62,11,10
d5d7c95e-0682-4b93-bf0b-5dff2fa91a92,81,61,7,8
d5d7c95e-0682-4b93-bf0b-5dff2fa91a92,32,61,8,10
d5d7c95e-0682-4b93-bf0b-5dff2fa91a92,142,53,12,12
d5d7c95e-0682-4b93-bf0b-5dff2fa91a92,134,35,11,11
c224f825-24b8-47aa-abdd-f03c0475a7c3,166,182,12,12
c224f825-24b8-47aa-abdd-f03c0475a7c3,183,167,6,7
c224f825-24b8-47aa-abdd-f03c0475a7c3,134,163,10,12
0637b804-e693-48d1-8716-f7c63ce6162a,146,118,11,11
0637b804-e693-48d1-8716-f7c63ce6162a,159,108,31,41
0637b804-e693-48d1-8716-f7c63ce6162a,182,98,6,8
0637b804-e693-48d1-8716-f7c63ce6162a,167,98,9,9
5ba8be0b-f11b-47c6-a91c-fe62c0ef516c,167,77,9,10
5ba8be0b-f11b-47c6-a91c-fe62c0ef516c,156,72,8,7
5ba8be0b-f11b-47c6-a91c-fe62c0ef516c,163,62,18,14
5ba8be0b-f11b-47c6-a91c-fe62c0ef516c,139,62,9,9
5ba8be0b-f11b-47c6-a91c-fe62c0ef516c,167,42,9,9
1dad3414-88c9-4c56-af5d-3a1488af452c,174,112,14,15
1dad3414-88c9-4c56-af5d-3a1488af452c,158,108,10,9
1dad3414-88c9-4c56-af5d-3a1488af452c,214,94,10,47
1dad3414-88c9-4c56-af5d-3a1488af452c,155,85,37,24
1dad3414-88c9-4c56-af5d-3a1488af452c,165,65,16,14
1623088d-9f8c-4910-b681-c81fef043fa3,150,118,9,10
1623088d-9f8c-4910-b681-c81fef043fa3,82,110,10,11
1623088d-9f8c-4910-b681-c81fef043fa3,68,98,12,12
1623088d-9f8c-4910-b681-c81fef043fa3,127,78,24,32
1623088d-9f8c-4910-b681-c81fef043fa3,154,69,10,19
1623088d-9f8c-4910-b681-c81fef043fa3,86,60,24,46
1923df31-e23a-4ee4-86f8-35d124af2f61,34,154,9,9
1923df31-e23a-4ee4-86f8-35d124af2f61,82,139,2,4
1923df31-e23a-4ee4-86f8-35d124af2f61,46,120,50,44
1923df31-e23a-4ee4-86f8-35d124af2f61,60,109,6,8
ecc176d8-c3c7-43d8-bcd8-355bbfb84971,219,123,3,7
ecc176d8-c3c7-43d8-bcd8-355bbfb84971,186,74,10,10
ecc176d8-c3c7-43d8-bcd8-355bbfb84971,209,62,15,18
ecc176d8-c3c7-43d8-bcd8-355bbfb84971,152,57,20,21
ecc176d8-c3c7-43d8-bcd8-355bbfb84971,171,30,23,34
bfe41d70-219e-478e-85ba-9c8226b572f4,74,147,14,14
bfe41d70-219e-478e-85ba-9c8226b572f4,55,132,20,16
bfe41d70-219e-478e-85ba-9c8226b572f4,32,130,17,15
2c917d3a-95cb-4c11-802c-f83e28cb37bc,0,117,7,7
2c917d3a-95cb-4c11-802c-f83e28cb37bc,111,110,9,9
2c917d3a-95cb-4c11-802c-f83e28cb37bc,0,61,14,43
77a50626-2a5d-44a8-8013-af001549b769,218,86,6,14
77a50626-2a5d-44a8-8013-af001549b769,194,70,19,23
77a50626-2a5d-44a8-8013-af001549b769,218,67,6,7
77a50626-2a5d-44a8-8013-af001549b769,219,40,5,5
77a50626-2a5d-44a8-8013-af001549b769,187,39,9,9
40fe04af-77d2-4c36-80eb-043568abdbf3,206,70,9,9
40fe04af-77d2-4c36-80eb-043568abdbf3,217,62,7,12
5bc12970-af13-48bb-bd12-a5cc72fb7154,128,53,37,34
5bc12970-af13-48bb-bd12-a5cc72fb7154,150,48,1,7
5bc12970-af13-48bb-bd12-a5cc72fb7154,159,38,9,9
5bc12970-af13-48bb-bd12-a5cc72fb7154,130,38,10,9
5bc12970-af13-48bb-bd12-a5cc72fb7154,175,34,9,9
bd0bb326-cd0d-4dd8-be1c-25c15b076377,177,96,11,11
bd0bb326-cd0d-4dd8-be1c-25c15b076377,173,64,17,29
76f71a93-8105-4c79-a010-0cfa86f0061a,165,72,27,60
76f71a93-8105-4c79-a010-0cfa86f0061a,146,62,14,16
76f71a93-8105-4c79-a010-0cfa86f0061a,7,0,7,6
76f71a93-8105-4c79-a010-0cfa86f0061a,0,0,6,6
f9405a63-3a1b-4cc5-8f00-7b0a81c36a71,60,119,18,18
f9405a63-3a1b-4cc5-8f00-7b0a81c36a71,71,115,1,2
f9405a63-3a1b-4cc5-8f00-7b0a81c36a71,74,93,19,24
f9405a63-3a1b-4cc5-8f00-7b0a81c36a71,0,0,8,6
767b5c8d-d09b-4d2c-97ea-17dea981a4e4,65,126,20,18
767b5c8d-d09b-4d2c-97ea-17dea981a4e4,87,110,13,15
767b5c8d-d09b-4d2c-97ea-17dea981a4e4,50,93,16,21
401afe9b-4c20-41cc-b52d-21995c71e872,0,139,6,6
401afe9b-4c20-41cc-b52d-21995c71e872,0,135,6,1
401afe9b-4c20-41cc-b52d-21995c71e872,0,127,5,7
401afe9b-4c20-41cc-b52d-21995c71e872,0,108,8,12
401afe9b-4c20-41cc-b52d-21995c71e872,22,106,10,10
401afe9b-4c20-41cc-b52d-21995c71e872,30,92,9,10
401afe9b-4c20-41cc-b52d-21995c71e872,0,92,8,12
c3678e72-ceb4-42d0-8e44-5a4de7ebfccb,134,133,16,15
39919c47-0f93-417f-96fb-1aa8a6d6e7ab,60,135,18,17
39919c47-0f93-417f-96fb-1aa8a6d6e7ab,103,130,9,7
39919c47-0f93-417f-96fb-1aa8a6d6e7ab,153,118,9,9
39919c47-0f93-417f-96fb-1aa8a6d6e7ab,111,98,10,10
39919c47-0f93-417f-96fb-1aa8a6d6e7ab,182,85,12,14
39919c47-0f93-417f-96fb-1aa8a6d6e7ab,60,85,16,19
39919c47-0f93-417f-96fb-1aa8a6d6e7ab,87,77,10,11
39919c47-0f93-417f-96fb-1aa8a6d6e7ab,168,69,5,1
721ca747-d0c2-45c2-adf3-4c3640034519,133,138,24,21
56ca817b-e17d-4b2b-95c8-d544a7786124,146,67,12,13
56ca817b-e17d-4b2b-95c8-d544a7786124,184,61,12,10
270d287b-5f32-469d-9f88-f4a87f27ef47,64,105,28,20
3f34c48c-80e6-4a04-9351-6ad809760b70,174,150,18,41
3f34c48c-80e6-4a04-9351-6ad809760b70,218,132,6,13
3f34c48c-80e6-4a04-9351-6ad809760b70,178,130,17,13
3f34c48c-80e6-4a04-9351-6ad809760b70,186,124,6,4
3f34c48c-80e6-4a04-9351-6ad809760b70,152,116,27,45
44db1d69-388e-4268-849e-852c1f092a01,169,139,14,13
44db1d69-388e-4268-849e-852c1f092a01,181,101,15,13
d99282ee-dc00-40d4-bb8d-5f8dba263a05,0,117,6,7
d99282ee-dc00-40d4-bb8d-5f8dba263a05,43,112,9,9
d99282ee-dc00-40d4-bb8d-5f8dba263a05,0,107,7,9
d99282ee-dc00-40d4-bb8d-5f8dba263a05,78,98,10,11
d99282ee-dc00-40d4-bb8d-5f8dba263a05,82,95,2,1
d99282ee-dc00-40d4-bb8d-5f8dba263a05,30,94,7,5
d99282ee-dc00-40d4-bb8d-5f8dba263a05,38,82,24,26
d99282ee-dc00-40d4-bb8d-5f8dba263a05,66,81,19,16
d99282ee-dc00-40d4-bb8d-5f8dba263a05,0,78,8,11
d99282ee-dc00-40d4-bb8d-5f8dba263a05,75,61,22,23
d99282ee-dc00-40d4-bb8d-5f8dba263a05,42,61,22,16
66ab31a6-be10-4f4e-ad4d-b4aeb9371271,70,137,12,12
66ab31a6-be10-4f4e-ad4d-b4aeb9371271,135,131,11,13
66ab31a6-be10-4f4e-ad4d-b4aeb9371271,96,117,12,9
66ab31a6-be10-4f4e-ad4d-b4aeb9371271,145,109,11,12
66ab31a6-be10-4f4e-ad4d-b4aeb9371271,65,105,11,7
66ab31a6-be10-4f4e-ad4d-b4aeb9371271,74,103,1,1
66ab31a6-be10-4f4e-ad4d-b4aeb9371271,93,94,11,10
66ab31a6-be10-4f4e-ad4d-b4aeb9371271,152,93,7,8
66ab31a6-be10-4f4e-ad4d-b4aeb9371271,110,92,10,10
