Filename,iou
bdfea255-f9dc-4694-b0fe-d699aec5b10e,0.0
bdfea255-f9dc-4694-b0fe-d699aec5b10e,0.0
a28266ba-94b1-4789-88e7-e7a1c4bc6d0d,0.1704961704961705
a28266ba-94b1-4789-88e7-e7a1c4bc6d0d,0.0
47a15caf-d139-4fa3-956d-6f8afa5ac376,0.04165702383707475
47a15caf-d139-4fa3-956d-6f8afa5ac376,0.015428527347064723
47a15caf-d139-4fa3-956d-6f8afa5ac376,0.018668518089948315
47a15caf-d139-4fa3-956d-6f8afa5ac376,0.0
47a15caf-d139-4fa3-956d-6f8afa5ac376,0.009719972228650776
47a15caf-d139-4fa3-956d-6f8afa5ac376,0.02647189678184784
3397d218-ad10-49dd-a3e0-9b1ee6d3d91d,0.0
b97dadd7-8a4f-4bdf-898e-c59489b8add0,0.0
b97dadd7-8a4f-4bdf-898e-c59489b8add0,0.0
b97dadd7-8a4f-4bdf-898e-c59489b8add0,0.0
b97dadd7-8a4f-4bdf-898e-c59489b8add0,0.0
b8eef91b-bbe7-443c-9e05-b756108d7344,0.005510517670746569
b8eef91b-bbe7-443c-9e05-b756108d7344,0.007936070542849269
b8eef91b-bbe7-443c-9e05-b756108d7344,0.012390189407403647
b8eef91b-bbe7-443c-9e05-b756108d7344,0.0899421328189584
b8eef91b-bbe7-443c-9e05-b756108d7344,0.09745246544144907
b8eef91b-bbe7-443c-9e05-b756108d7344,0.0
b8eef91b-bbe7-443c-9e05-b756108d7344,0.0
b8eef91b-bbe7-443c-9e05-b756108d7344,0.0
b8eef91b-bbe7-443c-9e05-b756108d7344,0.0
b8eef91b-bbe7-443c-9e05-b756108d7344,0.0
b8eef91b-bbe7-443c-9e05-b756108d7344,0.0
b8eef91b-bbe7-443c-9e05-b756108d7344,0.0
55d5a0b4-ff06-4c41-8aee-d3d49febd027,0.0
55d5a0b4-ff06-4c41-8aee-d3d49febd027,0.0028879707994063615
55d5a0b4-ff06-4c41-8aee-d3d49febd027,0.10444531166849966
55d5a0b4-ff06-4c41-8aee-d3d49febd027,0.003677174704102348
55d5a0b4-ff06-4c41-8aee-d3d49febd027,0.05466739781499135
55d5a0b4-ff06-4c41-8aee-d3d49febd027,0.0
55d5a0b4-ff06-4c41-8aee-d3d49febd027,0.0
5c643f67-e321-4f90-bcd0-58c4517561a9,0.0
5c643f67-e321-4f90-bcd0-58c4517561a9,0.0
5c643f67-e321-4f90-bcd0-58c4517561a9,0.0
5c643f67-e321-4f90-bcd0-58c4517561a9,0.0
5c643f67-e321-4f90-bcd0-58c4517561a9,0.0
5c643f67-e321-4f90-bcd0-58c4517561a9,0.0
5c643f67-e321-4f90-bcd0-58c4517561a9,0.0
5c643f67-e321-4f90-bcd0-58c4517561a9,0.0
5c643f67-e321-4f90-bcd0-58c4517561a9,0.0
3c2270fa-2323-48c2-a341-1ea0d84d7cee,0.0
3c2270fa-2323-48c2-a341-1ea0d84d7cee,0.0
3c2270fa-2323-48c2-a341-1ea0d84d7cee,0.030292102416155788
3c2270fa-2323-48c2-a341-1ea0d84d7cee,0.0
9ebc1edb-315f-4f0f-bc9b-dfa933bc67d3,0.0
9ebc1edb-315f-4f0f-bc9b-dfa933bc67d3,0.0
9ebc1edb-315f-4f0f-bc9b-dfa933bc67d3,0.0
9ebc1edb-315f-4f0f-bc9b-dfa933bc67d3,0.0
125a6b00-d20c-413e-b5fb-3728fcfce39f,0.0
125a6b00-d20c-413e-b5fb-3728fcfce39f,0.0
125a6b00-d20c-413e-b5fb-3728fcfce39f,0.0
125a6b00-d20c-413e-b5fb-3728fcfce39f,0.0
125a6b00-d20c-413e-b5fb-3728fcfce39f,0.0
d6724bee-d28e-4b34-8813-52a86955fa72,0.0
711b8e6a-0406-4c61-8c13-3e90fd7ecba1,0.0
711b8e6a-0406-4c61-8c13-3e90fd7ecba1,0.22159497196191336
711b8e6a-0406-4c61-8c13-3e90fd7ecba1,0.0
711b8e6a-0406-4c61-8c13-3e90fd7ecba1,0.0
515ab870-a80e-47f1-bd51-05a6fc02cba0,0.03884305357989568
515ab870-a80e-47f1-bd51-05a6fc02cba0,0.0
515ab870-a80e-47f1-bd51-05a6fc02cba0,0.0
515ab870-a80e-47f1-bd51-05a6fc02cba0,0.015173067804646752
515ab870-a80e-47f1-bd51-05a6fc02cba0,0.0009103840682788051
515ab870-a80e-47f1-bd51-05a6fc02cba0,0.16993835941204363
515ab870-a80e-47f1-bd51-05a6fc02cba0,0.00485538169748696
515ab870-a80e-47f1-bd51-05a6fc02cba0,0.0
515ab870-a80e-47f1-bd51-05a6fc02cba0,0.0
515ab870-a80e-47f1-bd51-05a6fc02cba0,0.0
515ab870-a80e-47f1-bd51-05a6fc02cba0,0.009973793349108211
515ab870-a80e-47f1-bd51-05a6fc02cba0,0.0
515ab870-a80e-47f1-bd51-05a6fc02cba0,0.0
515ab870-a80e-47f1-bd51-05a6fc02cba0,0.0
515ab870-a80e-47f1-bd51-05a6fc02cba0,0.0
515ab870-a80e-47f1-bd51-05a6fc02cba0,0.02239014833473272
a9cfed74-19bf-454f-b3a2-32c455a97cc8,0.0
a9cfed74-19bf-454f-b3a2-32c455a97cc8,0.0
a9cfed74-19bf-454f-b3a2-32c455a97cc8,0.0
a9cfed74-19bf-454f-b3a2-32c455a97cc8,0.013252346769740474
a9cfed74-19bf-454f-b3a2-32c455a97cc8,0.009034443817052512
a9cfed74-19bf-454f-b3a2-32c455a97cc8,0.0
a9cfed74-19bf-454f-b3a2-32c455a97cc8,0.0
a9cfed74-19bf-454f-b3a2-32c455a97cc8,0.015810276679841896
a9cfed74-19bf-454f-b3a2-32c455a97cc8,0.015810276679841896
a9cfed74-19bf-454f-b3a2-32c455a97cc8,0.0
a9cfed74-19bf-454f-b3a2-32c455a97cc8,0.0
a9cfed74-19bf-454f-b3a2-32c455a97cc8,0.0
a9cfed74-19bf-454f-b3a2-32c455a97cc8,0.0
a9cfed74-19bf-454f-b3a2-32c455a97cc8,0.0
a9cfed74-19bf-454f-b3a2-32c455a97cc8,0.0
a9cfed74-19bf-454f-b3a2-32c455a97cc8,0.0
a9cfed74-19bf-454f-b3a2-32c455a97cc8,0.0
a9cfed74-19bf-454f-b3a2-32c455a97cc8,0.009706694400079239
a9cfed74-19bf-454f-b3a2-32c455a97cc8,0.0
a9cfed74-19bf-454f-b3a2-32c455a97cc8,0.0
a9cfed74-19bf-454f-b3a2-32c455a97cc8,0.0
a9cfed74-19bf-454f-b3a2-32c455a97cc8,0.0
9dbb7a32-14df-40ca-871e-410111c45c05,0.0
9dbb7a32-14df-40ca-871e-410111c45c05,0.0
9dbb7a32-14df-40ca-871e-410111c45c05,0.0
c28f7725-70a7-4b55-953a-44d28ecdd4fb,0.01654504091943156
c28f7725-70a7-4b55-953a-44d28ecdd4fb,0.0
c28f7725-70a7-4b55-953a-44d28ecdd4fb,0.00425242890470425
c28f7725-70a7-4b55-953a-44d28ecdd4fb,0.0
c28f7725-70a7-4b55-953a-44d28ecdd4fb,0.0
03ae75b6-45a7-4a68-9871-f07b82b17bf6,0.011539899916300108
03ae75b6-45a7-4a68-9871-f07b82b17bf6,0.0
03ae75b6-45a7-4a68-9871-f07b82b17bf6,0.012822111018111232
03ae75b6-45a7-4a68-9871-f07b82b17bf6,0.0
03ae75b6-45a7-4a68-9871-f07b82b17bf6,0.0
03ae75b6-45a7-4a68-9871-f07b82b17bf6,0.0
1563a4ed-d5f5-4e31-8818-c5417109d403,0.0
1563a4ed-d5f5-4e31-8818-c5417109d403,0.032985156679494226
1563a4ed-d5f5-4e31-8818-c5417109d403,0.09235843870258384
1563a4ed-d5f5-4e31-8818-c5417109d403,0.31420765027322406
1563a4ed-d5f5-4e31-8818-c5417109d403,0.0
1563a4ed-d5f5-4e31-8818-c5417109d403,0.0
b402b80c-0be4-4c25-80be-d9ace219c83b,0.0
b402b80c-0be4-4c25-80be-d9ace219c83b,0.0
b402b80c-0be4-4c25-80be-d9ace219c83b,0.0
b402b80c-0be4-4c25-80be-d9ace219c83b,0.0
b402b80c-0be4-4c25-80be-d9ace219c83b,0.0
b402b80c-0be4-4c25-80be-d9ace219c83b,0.009696675858307325
b402b80c-0be4-4c25-80be-d9ace219c83b,0.004824944965471488
b402b80c-0be4-4c25-80be-d9ace219c83b,0.006877228731533368
b402b80c-0be4-4c25-80be-d9ace219c83b,0.01010358295126507
b402b80c-0be4-4c25-80be-d9ace219c83b,0.0011886568177958906
b402b80c-0be4-4c25-80be-d9ace219c83b,0.0010188487009679063
b402b80c-0be4-4c25-80be-d9ace219c83b,0.012141280353200883
b402b80c-0be4-4c25-80be-d9ace219c83b,0.0
b402b80c-0be4-4c25-80be-d9ace219c83b,0.0
a1538feb-5647-463b-9876-ca6e5ff00f48,0.0
a1538feb-5647-463b-9876-ca6e5ff00f48,0.08206130174624496
b41dfb17-3773-485b-8da6-c29a2bbfbe3a,0.005027652086475616
b41dfb17-3773-485b-8da6-c29a2bbfbe3a,0.002585649644473174
b41dfb17-3773-485b-8da6-c29a2bbfbe3a,0.00689506571859513
b41dfb17-3773-485b-8da6-c29a2bbfbe3a,0.0
b41dfb17-3773-485b-8da6-c29a2bbfbe3a,0.11470985155195682
b41dfb17-3773-485b-8da6-c29a2bbfbe3a,0.0
b41dfb17-3773-485b-8da6-c29a2bbfbe3a,0.0
b41dfb17-3773-485b-8da6-c29a2bbfbe3a,0.0
b41dfb17-3773-485b-8da6-c29a2bbfbe3a,0.0
b41dfb17-3773-485b-8da6-c29a2bbfbe3a,0.0
b41dfb17-3773-485b-8da6-c29a2bbfbe3a,0.0
b41dfb17-3773-485b-8da6-c29a2bbfbe3a,0.08357922184862417
b77669dd-8554-4531-9903-9719747fdb63,0.00438871473354232
b77669dd-8554-4531-9903-9719747fdb63,0.01128526645768025
b77669dd-8554-4531-9903-9719747fdb63,0.0
b77669dd-8554-4531-9903-9719747fdb63,0.0018808777429467085
b77669dd-8554-4531-9903-9719747fdb63,0.01044932079414838
b77669dd-8554-4531-9903-9719747fdb63,0.01755485893416928
b77669dd-8554-4531-9903-9719747fdb63,0.0
b77669dd-8554-4531-9903-9719747fdb63,0.0
b77669dd-8554-4531-9903-9719747fdb63,0.10595611285266458
b77669dd-8554-4531-9903-9719747fdb63,0.0
b77669dd-8554-4531-9903-9719747fdb63,0.0
b77669dd-8554-4531-9903-9719747fdb63,0.0
b77669dd-8554-4531-9903-9719747fdb63,0.0
b77669dd-8554-4531-9903-9719747fdb63,0.0
b77669dd-8554-4531-9903-9719747fdb63,0.0
b77669dd-8554-4531-9903-9719747fdb63,0.0
b77669dd-8554-4531-9903-9719747fdb63,0.0
b77669dd-8554-4531-9903-9719747fdb63,0.0
3747c54e-e425-451d-90c0-943e99b873d4,0.0
3747c54e-e425-451d-90c0-943e99b873d4,0.0
3747c54e-e425-451d-90c0-943e99b873d4,0.0
3747c54e-e425-451d-90c0-943e99b873d4,0.0
3747c54e-e425-451d-90c0-943e99b873d4,0.0
3747c54e-e425-451d-90c0-943e99b873d4,0.0
3747c54e-e425-451d-90c0-943e99b873d4,0.0
3747c54e-e425-451d-90c0-943e99b873d4,0.010123734533183352
3747c54e-e425-451d-90c0-943e99b873d4,0.09507829977628636
3747c54e-e425-451d-90c0-943e99b873d4,0.0
3747c54e-e425-451d-90c0-943e99b873d4,0.0
3747c54e-e425-451d-90c0-943e99b873d4,0.0
7002c25e-83ce-4af1-9cdb-a9d4899d6104,0.0
7002c25e-83ce-4af1-9cdb-a9d4899d6104,0.0
7002c25e-83ce-4af1-9cdb-a9d4899d6104,0.0
7002c25e-83ce-4af1-9cdb-a9d4899d6104,0.0
7002c25e-83ce-4af1-9cdb-a9d4899d6104,0.0
7002c25e-83ce-4af1-9cdb-a9d4899d6104,0.0
3f040848-3b3f-4cc9-b7e1-eb5bea7a3a7c,0.0
3f040848-3b3f-4cc9-b7e1-eb5bea7a3a7c,0.0
3f040848-3b3f-4cc9-b7e1-eb5bea7a3a7c,0.002030358696703084
3f040848-3b3f-4cc9-b7e1-eb5bea7a3a7c,0.0016
3f040848-3b3f-4cc9-b7e1-eb5bea7a3a7c,0.02572283150548355
3f040848-3b3f-4cc9-b7e1-eb5bea7a3a7c,0.0408
3f040848-3b3f-4cc9-b7e1-eb5bea7a3a7c,0.0264
3f040848-3b3f-4cc9-b7e1-eb5bea7a3a7c,0.022
3f040848-3b3f-4cc9-b7e1-eb5bea7a3a7c,0.02
3f040848-3b3f-4cc9-b7e1-eb5bea7a3a7c,0.0
3f040848-3b3f-4cc9-b7e1-eb5bea7a3a7c,0.0028462998102466793
06bc1519-c307-4a98-b00b-8329f2ddf615,0.0
06bc1519-c307-4a98-b00b-8329f2ddf615,0.0
06bc1519-c307-4a98-b00b-8329f2ddf615,0.021045918367346938
06bc1519-c307-4a98-b00b-8329f2ddf615,0.05157337457617037
06bc1519-c307-4a98-b00b-8329f2ddf615,0.005385996409335727
06bc1519-c307-4a98-b00b-8329f2ddf615,0.0
f9538c72-0f7b-45e3-98a8-de3e4434fe4d,0.0
f9538c72-0f7b-45e3-98a8-de3e4434fe4d,0.025659873037086535
f9538c72-0f7b-45e3-98a8-de3e4434fe4d,0.0
22f2d3ec-f7ea-4778-850d-bb111590202f,0.0
4f781277-d540-4cd6-b405-4f215281d78e,0.0
4f781277-d540-4cd6-b405-4f215281d78e,0.008384349214799042
4f781277-d540-4cd6-b405-4f215281d78e,0.0
4f781277-d540-4cd6-b405-4f215281d78e,0.030573248407643312
076eab63-d75d-4272-a5d3-13eae02f2c8f,0.0
076eab63-d75d-4272-a5d3-13eae02f2c8f,0.03833274956217163
25d1ddb4-df24-4e52-8a84-b0dff45f9718,0.0
25d1ddb4-df24-4e52-8a84-b0dff45f9718,0.0
25d1ddb4-df24-4e52-8a84-b0dff45f9718,0.0
25d1ddb4-df24-4e52-8a84-b0dff45f9718,0.1941729669924396
9341907e-9b62-4197-a0b3-3ddd3c55a884,0.04426644182124789
9341907e-9b62-4197-a0b3-3ddd3c55a884,0.015267175572519083
9341907e-9b62-4197-a0b3-3ddd3c55a884,0.02544529262086514
9341907e-9b62-4197-a0b3-3ddd3c55a884,0.1184591890796896
9341907e-9b62-4197-a0b3-3ddd3c55a884,0.0
9341907e-9b62-4197-a0b3-3ddd3c55a884,0.0
9341907e-9b62-4197-a0b3-3ddd3c55a884,0.0
9341907e-9b62-4197-a0b3-3ddd3c55a884,0.0
9341907e-9b62-4197-a0b3-3ddd3c55a884,0.0
9341907e-9b62-4197-a0b3-3ddd3c55a884,0.0
7f9b4539-9cfb-49db-9d19-dea98ab6445f,0.0304110648168034
7f9b4539-9cfb-49db-9d19-dea98ab6445f,0.012684684684684684
7f9b4539-9cfb-49db-9d19-dea98ab6445f,0.011416216216216217
c391591b-0083-4063-a485-69b0c7e02ebe,0.0
c391591b-0083-4063-a485-69b0c7e02ebe,0.0
c391591b-0083-4063-a485-69b0c7e02ebe,0.0
c391591b-0083-4063-a485-69b0c7e02ebe,0.0
c391591b-0083-4063-a485-69b0c7e02ebe,0.0
c391591b-0083-4063-a485-69b0c7e02ebe,0.0
c391591b-0083-4063-a485-69b0c7e02ebe,0.0
c391591b-0083-4063-a485-69b0c7e02ebe,0.0
c391591b-0083-4063-a485-69b0c7e02ebe,0.0
c391591b-0083-4063-a485-69b0c7e02ebe,0.0
8d48694a-f998-4043-bc98-63a3c18527f2,0.0
8d48694a-f998-4043-bc98-63a3c18527f2,0.0
8d48694a-f998-4043-bc98-63a3c18527f2,0.0
8d48694a-f998-4043-bc98-63a3c18527f2,0.0
8d48694a-f998-4043-bc98-63a3c18527f2,0.01818026872709712
8d48694a-f998-4043-bc98-63a3c18527f2,0.006817600772661421
8d48694a-f998-4043-bc98-63a3c18527f2,0.0
8d48694a-f998-4043-bc98-63a3c18527f2,0.01181717467261313
8d48694a-f998-4043-bc98-63a3c18527f2,0.0
8d48694a-f998-4043-bc98-63a3c18527f2,0.0015384023691396484
8d48694a-f998-4043-bc98-63a3c18527f2,0.019178749535274285
8d48694a-f998-4043-bc98-63a3c18527f2,0.0
8d48694a-f998-4043-bc98-63a3c18527f2,0.0
8d48694a-f998-4043-bc98-63a3c18527f2,0.0
8d48694a-f998-4043-bc98-63a3c18527f2,0.014768662743740625
8d48694a-f998-4043-bc98-63a3c18527f2,0.0
29cfef18-40c3-489f-adcf-05bd93765b9d,0.0
29cfef18-40c3-489f-adcf-05bd93765b9d,0.0
29cfef18-40c3-489f-adcf-05bd93765b9d,0.0
29cfef18-40c3-489f-adcf-05bd93765b9d,0.0
29cfef18-40c3-489f-adcf-05bd93765b9d,0.0
29cfef18-40c3-489f-adcf-05bd93765b9d,0.0
29cfef18-40c3-489f-adcf-05bd93765b9d,0.0
df0f59ce-d11a-488d-a51c-bd9105e592f6,0.12438625204582651
df0f59ce-d11a-488d-a51c-bd9105e592f6,0.07446808510638298
df0f59ce-d11a-488d-a51c-bd9105e592f6,0.0
df0f59ce-d11a-488d-a51c-bd9105e592f6,0.0
df0f59ce-d11a-488d-a51c-bd9105e592f6,0.0
df0f59ce-d11a-488d-a51c-bd9105e592f6,0.0
c3bff4b1-efa9-4b87-a32d-bcbe6d31c4f2,0.01127523218753213
c3bff4b1-efa9-4b87-a32d-bcbe6d31c4f2,0.0
c3bff4b1-efa9-4b87-a32d-bcbe6d31c4f2,0.4012452939472922
c3bff4b1-efa9-4b87-a32d-bcbe6d31c4f2,0.0
c3bff4b1-efa9-4b87-a32d-bcbe6d31c4f2,0.0
c3bff4b1-efa9-4b87-a32d-bcbe6d31c4f2,0.0
2f51b8c1-32f8-4df8-af1e-d32c8dddad6f,0.0
2f51b8c1-32f8-4df8-af1e-d32c8dddad6f,0.0
db3c8b2a-797b-4178-9b68-09863e1a45a3,0.15390627348423364
db3c8b2a-797b-4178-9b68-09863e1a45a3,0.0
db3c8b2a-797b-4178-9b68-09863e1a45a3,0.0
db3c8b2a-797b-4178-9b68-09863e1a45a3,0.0
854fee36-d54c-4cde-904d-ab77f5e2e091,0.0
854fee36-d54c-4cde-904d-ab77f5e2e091,0.01686740346718849
47b6aa0b-bd34-42a0-a0ad-469a1c6e3e1e,0.11878737884099815
47b6aa0b-bd34-42a0-a0ad-469a1c6e3e1e,0.03393925109742804
47b6aa0b-bd34-42a0-a0ad-469a1c6e3e1e,0.0
47b6aa0b-bd34-42a0-a0ad-469a1c6e3e1e,0.0
47b6aa0b-bd34-42a0-a0ad-469a1c6e3e1e,0.0
47b6aa0b-bd34-42a0-a0ad-469a1c6e3e1e,0.0
6ba9800e-ebf3-4fd4-9fa7-1022883c4f21,0.0
6ba9800e-ebf3-4fd4-9fa7-1022883c4f21,0.0
6ba9800e-ebf3-4fd4-9fa7-1022883c4f21,0.0
6ba9800e-ebf3-4fd4-9fa7-1022883c4f21,0.0
6ba9800e-ebf3-4fd4-9fa7-1022883c4f21,0.07953950811093669
6ba9800e-ebf3-4fd4-9fa7-1022883c4f21,0.02119309262166405
6ba9800e-ebf3-4fd4-9fa7-1022883c4f21,0.018833614755163007
6ba9800e-ebf3-4fd4-9fa7-1022883c4f21,0.0
8a504f1d-b42c-4328-8571-f4e0a8e0fb5a,0.0
8a504f1d-b42c-4328-8571-f4e0a8e0fb5a,0.0
8a504f1d-b42c-4328-8571-f4e0a8e0fb5a,0.0
8a504f1d-b42c-4328-8571-f4e0a8e0fb5a,0.0
8a504f1d-b42c-4328-8571-f4e0a8e0fb5a,0.0
8a504f1d-b42c-4328-8571-f4e0a8e0fb5a,0.0
8a504f1d-b42c-4328-8571-f4e0a8e0fb5a,0.001454492563906767
8a504f1d-b42c-4328-8571-f4e0a8e0fb5a,0.0
8a504f1d-b42c-4328-8571-f4e0a8e0fb5a,0.017599360023271882
8a504f1d-b42c-4328-8571-f4e0a8e0fb5a,0.004363477691720301
8a504f1d-b42c-4328-8571-f4e0a8e0fb5a,0.014399476382676994
8a504f1d-b42c-4328-8571-f4e0a8e0fb5a,0.01565387542124144
5620c301-4fee-478e-bdb0-124a00010443,0.0
5620c301-4fee-478e-bdb0-124a00010443,0.0
5620c301-4fee-478e-bdb0-124a00010443,0.0
5620c301-4fee-478e-bdb0-124a00010443,0.0
5620c301-4fee-478e-bdb0-124a00010443,0.0
5620c301-4fee-478e-bdb0-124a00010443,0.0
5620c301-4fee-478e-bdb0-124a00010443,0.0
5620c301-4fee-478e-bdb0-124a00010443,0.0
93550df9-7f67-404f-a974-516acecd5c48,0.0015944195316392625
93550df9-7f67-404f-a974-516acecd5c48,0.019531639262580967
93550df9-7f67-404f-a974-516acecd5c48,0.0027902341803687095
93550df9-7f67-404f-a974-516acecd5c48,0.07254608868958645
32fbc636-5413-419b-8539-6e6a7cca9f4b,0.0
32fbc636-5413-419b-8539-6e6a7cca9f4b,0.0
32fbc636-5413-419b-8539-6e6a7cca9f4b,0.0
32fbc636-5413-419b-8539-6e6a7cca9f4b,0.0
32fbc636-5413-419b-8539-6e6a7cca9f4b,0.0
32fbc636-5413-419b-8539-6e6a7cca9f4b,0.0
32fbc636-5413-419b-8539-6e6a7cca9f4b,0.0
32fbc636-5413-419b-8539-6e6a7cca9f4b,0.0
32fbc636-5413-419b-8539-6e6a7cca9f4b,0.0
32fbc636-5413-419b-8539-6e6a7cca9f4b,0.004884004884004884
32fbc636-5413-419b-8539-6e6a7cca9f4b,0.02197802197802198
32fbc636-5413-419b-8539-6e6a7cca9f4b,0.0
32fbc636-5413-419b-8539-6e6a7cca9f4b,0.029304029304029304
32fbc636-5413-419b-8539-6e6a7cca9f4b,0.0
32fbc636-5413-419b-8539-6e6a7cca9f4b,0.0
32fbc636-5413-419b-8539-6e6a7cca9f4b,0.0
6f3d76ce-9c4e-4e4c-b344-776d764e1be8,0.0
6f3d76ce-9c4e-4e4c-b344-776d764e1be8,0.0
6f3d76ce-9c4e-4e4c-b344-776d764e1be8,0.0
6f3d76ce-9c4e-4e4c-b344-776d764e1be8,0.0
6f3d76ce-9c4e-4e4c-b344-776d764e1be8,0.0
6f3d76ce-9c4e-4e4c-b344-776d764e1be8,0.011266451579863779
6f3d76ce-9c4e-4e4c-b344-776d764e1be8,0.00020484457417934142
6f3d76ce-9c4e-4e4c-b344-776d764e1be8,0.013314897321657193
6f3d76ce-9c4e-4e4c-b344-776d764e1be8,0.0
6f3d76ce-9c4e-4e4c-b344-776d764e1be8,0.08890254519383418
17bb233f-6ee9-4645-92ee-b415499f691a,0.0027954992462135963
17bb233f-6ee9-4645-92ee-b415499f691a,0.007907269296432743
17bb233f-6ee9-4645-92ee-b415499f691a,0.028753706532482704
17bb233f-6ee9-4645-92ee-b415499f691a,0.01150148261299308
17bb233f-6ee9-4645-92ee-b415499f691a,0.03416751134160623
17bb233f-6ee9-4645-92ee-b415499f691a,0.04600593045197232
0b0073e0-9c19-4da4-88f2-b3d2ebc6f1f4,0.028054632705795498
0b0073e0-9c19-4da4-88f2-b3d2ebc6f1f4,0.0
0b0073e0-9c19-4da4-88f2-b3d2ebc6f1f4,0.0
0b0073e0-9c19-4da4-88f2-b3d2ebc6f1f4,0.07167360940945847
0b0073e0-9c19-4da4-88f2-b3d2ebc6f1f4,0.0
0b0073e0-9c19-4da4-88f2-b3d2ebc6f1f4,0.0
0b0073e0-9c19-4da4-88f2-b3d2ebc6f1f4,0.0
0b0073e0-9c19-4da4-88f2-b3d2ebc6f1f4,0.0
4703da4b-5d0c-416a-9ebe-39d1776bf593,0.010922238047481396
4703da4b-5d0c-416a-9ebe-39d1776bf593,0.00040452733509190356
4703da4b-5d0c-416a-9ebe-39d1776bf593,0.0
4703da4b-5d0c-416a-9ebe-39d1776bf593,0.0
4703da4b-5d0c-416a-9ebe-39d1776bf593,0.0
4703da4b-5d0c-416a-9ebe-39d1776bf593,0.0
4703da4b-5d0c-416a-9ebe-39d1776bf593,0.0
4703da4b-5d0c-416a-9ebe-39d1776bf593,0.0
4703da4b-5d0c-416a-9ebe-39d1776bf593,0.0
4703da4b-5d0c-416a-9ebe-39d1776bf593,0.0
11a41e42-fdb4-4216-9e04-d4914fe2186e,0.0
11a41e42-fdb4-4216-9e04-d4914fe2186e,0.0889288120368291
11a41e42-fdb4-4216-9e04-d4914fe2186e,0.0
11a41e42-fdb4-4216-9e04-d4914fe2186e,0.0
8bd6bfaa-af66-435f-95c3-99c9f5e7074b,0.0
8bd6bfaa-af66-435f-95c3-99c9f5e7074b,0.0
8bd6bfaa-af66-435f-95c3-99c9f5e7074b,0.0
8bd6bfaa-af66-435f-95c3-99c9f5e7074b,0.018813586303709173
8bd6bfaa-af66-435f-95c3-99c9f5e7074b,0.0795278036657347
8bd6bfaa-af66-435f-95c3-99c9f5e7074b,0.0
74457e4b-4059-4ba4-959a-3a8e12b7d5f8,0.0
74457e4b-4059-4ba4-959a-3a8e12b7d5f8,0.0
74457e4b-4059-4ba4-959a-3a8e12b7d5f8,0.0
74457e4b-4059-4ba4-959a-3a8e12b7d5f8,0.11576813007712743
74457e4b-4059-4ba4-959a-3a8e12b7d5f8,0.0
74457e4b-4059-4ba4-959a-3a8e12b7d5f8,0.0
74457e4b-4059-4ba4-959a-3a8e12b7d5f8,0.0
74457e4b-4059-4ba4-959a-3a8e12b7d5f8,0.0
74457e4b-4059-4ba4-959a-3a8e12b7d5f8,0.0
74457e4b-4059-4ba4-959a-3a8e12b7d5f8,0.018388195232690124
74457e4b-4059-4ba4-959a-3a8e12b7d5f8,0.055233360950013806
74457e4b-4059-4ba4-959a-3a8e12b7d5f8,0.04473902236951118
74457e4b-4059-4ba4-959a-3a8e12b7d5f8,0.046562585592988225
74457e4b-4059-4ba4-959a-3a8e12b7d5f8,0.0
74457e4b-4059-4ba4-959a-3a8e12b7d5f8,0.0
74457e4b-4059-4ba4-959a-3a8e12b7d5f8,0.0
74457e4b-4059-4ba4-959a-3a8e12b7d5f8,0.0
74457e4b-4059-4ba4-959a-3a8e12b7d5f8,0.0
74457e4b-4059-4ba4-959a-3a8e12b7d5f8,0.0
74457e4b-4059-4ba4-959a-3a8e12b7d5f8,0.0
f630809e-2498-44af-beaa-dda23a36cf20,0.11057494119644026
f630809e-2498-44af-beaa-dda23a36cf20,0.0
f630809e-2498-44af-beaa-dda23a36cf20,0.0
f630809e-2498-44af-beaa-dda23a36cf20,0.0
a422ca04-b11f-4995-a7b7-a9f4c0988f30,0.03177998472116119
a422ca04-b11f-4995-a7b7-a9f4c0988f30,0.04074357015533486
a422ca04-b11f-4995-a7b7-a9f4c0988f30,0.014939309056956116
a422ca04-b11f-4995-a7b7-a9f4c0988f30,0.0
a422ca04-b11f-4995-a7b7-a9f4c0988f30,0.0
a422ca04-b11f-4995-a7b7-a9f4c0988f30,0.0019013666072489601
a422ca04-b11f-4995-a7b7-a9f4c0988f30,0.039113827349121465
a422ca04-b11f-4995-a7b7-a9f4c0988f30,0.0
a422ca04-b11f-4995-a7b7-a9f4c0988f30,0.0
a422ca04-b11f-4995-a7b7-a9f4c0988f30,0.013445378151260505
a422ca04-b11f-4995-a7b7-a9f4c0988f30,0.0
a422ca04-b11f-4995-a7b7-a9f4c0988f30,0.0
a422ca04-b11f-4995-a7b7-a9f4c0988f30,0.0
a422ca04-b11f-4995-a7b7-a9f4c0988f30,0.0575078559838978
a422ca04-b11f-4995-a7b7-a9f4c0988f30,0.0
a422ca04-b11f-4995-a7b7-a9f4c0988f30,0.0
a422ca04-b11f-4995-a7b7-a9f4c0988f30,0.0
a422ca04-b11f-4995-a7b7-a9f4c0988f30,0.0314966989036726
a422ca04-b11f-4995-a7b7-a9f4c0988f30,0.0
a422ca04-b11f-4995-a7b7-a9f4c0988f30,0.0
a6a38450-9151-4178-a830-a08e0223f8a5,0.10020283975659229
a6a38450-9151-4178-a830-a08e0223f8a5,0.03707440100882724
a6a38450-9151-4178-a830-a08e0223f8a5,0.029888650126977924
a6a38450-9151-4178-a830-a08e0223f8a5,0.0
3de7efd4-d074-4fee-95d7-4718e4d7df91,0.0
3de7efd4-d074-4fee-95d7-4718e4d7df91,0.0
3de7efd4-d074-4fee-95d7-4718e4d7df91,0.04995909781465467
3de7efd4-d074-4fee-95d7-4718e4d7df91,0.023516961608560174
3de7efd4-d074-4fee-95d7-4718e4d7df91,0.12064201305191369
3de7efd4-d074-4fee-95d7-4718e4d7df91,0.001881356928684814
3de7efd4-d074-4fee-95d7-4718e4d7df91,0.0
3de7efd4-d074-4fee-95d7-4718e4d7df91,0.000940678464342407
3de7efd4-d074-4fee-95d7-4718e4d7df91,0.008466106179081662
3de7efd4-d074-4fee-95d7-4718e4d7df91,0.1481568581339291
acfec3cb-9511-4f09-977c-87b061bd50dd,0.0
acfec3cb-9511-4f09-977c-87b061bd50dd,0.04000277797069241
acfec3cb-9511-4f09-977c-87b061bd50dd,0.0
acfec3cb-9511-4f09-977c-87b061bd50dd,0.0
acfec3cb-9511-4f09-977c-87b061bd50dd,0.0
acfec3cb-9511-4f09-977c-87b061bd50dd,0.0
acfec3cb-9511-4f09-977c-87b061bd50dd,0.0
acfec3cb-9511-4f09-977c-87b061bd50dd,0.0
acfec3cb-9511-4f09-977c-87b061bd50dd,0.06799325463743676
acfec3cb-9511-4f09-977c-87b061bd50dd,0.0
000db696-cf54-4385-b10b-6b16fbb3f985,0.011986871521666746
000db696-cf54-4385-b10b-6b16fbb3f985,0.025596849618508492
000db696-cf54-4385-b10b-6b16fbb3f985,0.01102633522028058
000db696-cf54-4385-b10b-6b16fbb3f985,0.021463414634146343
000db696-cf54-4385-b10b-6b16fbb3f985,0.0
000db696-cf54-4385-b10b-6b16fbb3f985,0.0
000db696-cf54-4385-b10b-6b16fbb3f985,0.0
000db696-cf54-4385-b10b-6b16fbb3f985,0.0
000db696-cf54-4385-b10b-6b16fbb3f985,0.0
000db696-cf54-4385-b10b-6b16fbb3f985,0.0
48029094-265a-43e6-9e29-455237085578,0.0
48029094-265a-43e6-9e29-455237085578,0.0
48029094-265a-43e6-9e29-455237085578,0.0
48029094-265a-43e6-9e29-455237085578,0.0
48029094-265a-43e6-9e29-455237085578,0.0
48029094-265a-43e6-9e29-455237085578,0.011887230514096186
48029094-265a-43e6-9e29-455237085578,0.002519453593501909
48029094-265a-43e6-9e29-455237085578,0.041393034825870645
48029094-265a-43e6-9e29-455237085578,0.050945273631840794
48029094-265a-43e6-9e29-455237085578,0.01583635763774332
fcb06a43-8652-4bbf-bdf8-bb961137302a,0.0
fcb06a43-8652-4bbf-bdf8-bb961137302a,0.0
fcb06a43-8652-4bbf-bdf8-bb961137302a,0.0
fcb06a43-8652-4bbf-bdf8-bb961137302a,0.0
fcb06a43-8652-4bbf-bdf8-bb961137302a,0.0
fcb06a43-8652-4bbf-bdf8-bb961137302a,0.0
fcb06a43-8652-4bbf-bdf8-bb961137302a,0.0
fcb06a43-8652-4bbf-bdf8-bb961137302a,0.0023062730627306273
b54f130a-94fc-49ae-a6b2-5e1c870720a7,0.0
b54f130a-94fc-49ae-a6b2-5e1c870720a7,0.0
a37e89b4-7aa4-42f0-969f-f92816142442,0.0
a37e89b4-7aa4-42f0-969f-f92816142442,0.0
bb509940-e147-4ff1-806b-a82890182d5b,0.0
bb509940-e147-4ff1-806b-a82890182d5b,0.0
bb509940-e147-4ff1-806b-a82890182d5b,0.0
bb509940-e147-4ff1-806b-a82890182d5b,0.0
bb509940-e147-4ff1-806b-a82890182d5b,0.0
bb509940-e147-4ff1-806b-a82890182d5b,0.0
bb509940-e147-4ff1-806b-a82890182d5b,0.04907740234843039
bb509940-e147-4ff1-806b-a82890182d5b,0.0
bb509940-e147-4ff1-806b-a82890182d5b,0.0
bb509940-e147-4ff1-806b-a82890182d5b,0.0
bb509940-e147-4ff1-806b-a82890182d5b,0.0
bb509940-e147-4ff1-806b-a82890182d5b,0.007182333325560245
bb509940-e147-4ff1-806b-a82890182d5b,0.0
bb509940-e147-4ff1-806b-a82890182d5b,0.010139813633980895
bb509940-e147-4ff1-806b-a82890182d5b,0.0
bb509940-e147-4ff1-806b-a82890182d5b,0.0
08f1b734-cd93-42c0-b978-9e1e1021bb55,0.0
08f1b734-cd93-42c0-b978-9e1e1021bb55,0.0
08f1b734-cd93-42c0-b978-9e1e1021bb55,0.01354073221509453
08f1b734-cd93-42c0-b978-9e1e1021bb55,0.09420787354108408
03249840-0a17-448c-bf41-7e156428ab59,0.0
03249840-0a17-448c-bf41-7e156428ab59,0.3802160318362706
559415a8-f9bc-40ed-9ac0-0f60104e7e9c,0.0
559415a8-f9bc-40ed-9ac0-0f60104e7e9c,0.004715323668431135
559415a8-f9bc-40ed-9ac0-0f60104e7e9c,0.0008175964934194837
559415a8-f9bc-40ed-9ac0-0f60104e7e9c,0.0
559415a8-f9bc-40ed-9ac0-0f60104e7e9c,0.0
559415a8-f9bc-40ed-9ac0-0f60104e7e9c,0.0
559415a8-f9bc-40ed-9ac0-0f60104e7e9c,0.0
559415a8-f9bc-40ed-9ac0-0f60104e7e9c,0.008686682230305663
559415a8-f9bc-40ed-9ac0-0f60104e7e9c,0.0
559415a8-f9bc-40ed-9ac0-0f60104e7e9c,0.0
559415a8-f9bc-40ed-9ac0-0f60104e7e9c,0.0005212009338183398
559415a8-f9bc-40ed-9ac0-0f60104e7e9c,0.08860415874911776
559415a8-f9bc-40ed-9ac0-0f60104e7e9c,0.0
559415a8-f9bc-40ed-9ac0-0f60104e7e9c,0.003648406536728378
a681ac25-1798-4c81-8e28-a1c5014e00bf,0.056948016988694145
a681ac25-1798-4c81-8e28-a1c5014e00bf,0.06999583358133445
a681ac25-1798-4c81-8e28-a1c5014e00bf,0.0
815dd1c1-3e01-4038-9723-39d05e8b3cd3,0.0
815dd1c1-3e01-4038-9723-39d05e8b3cd3,0.0
815dd1c1-3e01-4038-9723-39d05e8b3cd3,0.006597031335898846
815dd1c1-3e01-4038-9723-39d05e8b3cd3,0.03018479612399777
815dd1c1-3e01-4038-9723-39d05e8b3cd3,0.025153996769998143
815dd1c1-3e01-4038-9723-39d05e8b3cd3,0.03018479612399777
815dd1c1-3e01-4038-9723-39d05e8b3cd3,0.018522488530634994
815dd1c1-3e01-4038-9723-39d05e8b3cd3,0.08643827980962998
815dd1c1-3e01-4038-9723-39d05e8b3cd3,0.0
815dd1c1-3e01-4038-9723-39d05e8b3cd3,0.0
815dd1c1-3e01-4038-9723-39d05e8b3cd3,0.0
bfa45a99-7125-4d61-966b-c51e54dcbf10,0.08466522678185745
bfa45a99-7125-4d61-966b-c51e54dcbf10,0.03991130820399113
bfa45a99-7125-4d61-966b-c51e54dcbf10,0.0
bfa45a99-7125-4d61-966b-c51e54dcbf10,0.0
1b4d9ebb-644e-4602-ad36-d83cf7415be6,0.0
1b4d9ebb-644e-4602-ad36-d83cf7415be6,0.0
1b4d9ebb-644e-4602-ad36-d83cf7415be6,0.0
1b4d9ebb-644e-4602-ad36-d83cf7415be6,0.0
1b4d9ebb-644e-4602-ad36-d83cf7415be6,0.0
1b4d9ebb-644e-4602-ad36-d83cf7415be6,0.0
1b4d9ebb-644e-4602-ad36-d83cf7415be6,0.0079912096693637
1b4d9ebb-644e-4602-ad36-d83cf7415be6,0.3659380872317278
1b4d9ebb-644e-4602-ad36-d83cf7415be6,0.0
1b4d9ebb-644e-4602-ad36-d83cf7415be6,0.03915692737988213
1b4d9ebb-644e-4602-ad36-d83cf7415be6,0.0
1b4d9ebb-644e-4602-ad36-d83cf7415be6,0.0
d47f354b-d29d-48b9-9c54-07c1e981bef4,0.0
d47f354b-d29d-48b9-9c54-07c1e981bef4,0.0
3b411a6e-270d-48d6-a3db-fbb4635151dd,0.0
3b411a6e-270d-48d6-a3db-fbb4635151dd,0.04341337674671008
3538b9f3-b604-4e3c-8f04-bb5b1127733c,0.0
3538b9f3-b604-4e3c-8f04-bb5b1127733c,0.0
3538b9f3-b604-4e3c-8f04-bb5b1127733c,0.0
3538b9f3-b604-4e3c-8f04-bb5b1127733c,0.0
3538b9f3-b604-4e3c-8f04-bb5b1127733c,0.0
3538b9f3-b604-4e3c-8f04-bb5b1127733c,0.0
3538b9f3-b604-4e3c-8f04-bb5b1127733c,0.015549901046084252
3538b9f3-b604-4e3c-8f04-bb5b1127733c,0.01272264631043257
3538b9f3-b604-4e3c-8f04-bb5b1127733c,0.03364433135425502
3538b9f3-b604-4e3c-8f04-bb5b1127733c,0.019790783149561775
3538b9f3-b604-4e3c-8f04-bb5b1127733c,0.035623409669211195
3538b9f3-b604-4e3c-8f04-bb5b1127733c,0.011874469889737066
8ce28cb3-1184-4792-b774-229fa7dd633e,0.01366120218579235
8ce28cb3-1184-4792-b774-229fa7dd633e,0.032982045277127246
8ce28cb3-1184-4792-b774-229fa7dd633e,0.004322200392927309
8ce28cb3-1184-4792-b774-229fa7dd633e,0.0
8ce28cb3-1184-4792-b774-229fa7dd633e,0.0
8ce28cb3-1184-4792-b774-229fa7dd633e,0.0
47ec1b70-a18d-4c98-a313-4999a4059742,0.0
47ec1b70-a18d-4c98-a313-4999a4059742,0.0
47ec1b70-a18d-4c98-a313-4999a4059742,0.0
47ec1b70-a18d-4c98-a313-4999a4059742,0.0
47ec1b70-a18d-4c98-a313-4999a4059742,0.0019573302016050106
47ec1b70-a18d-4c98-a313-4999a4059742,0.03288314738696418
47ec1b70-a18d-4c98-a313-4999a4059742,0.021499771972115448
47ec1b70-a18d-4c98-a313-4999a4059742,0.0
3a9196af-16e0-4a6a-95e4-426614770eb2,0.010359081627571095
3a9196af-16e0-4a6a-95e4-426614770eb2,0.02267716535433071
3a9196af-16e0-4a6a-95e4-426614770eb2,0.022284505734477364
3a9196af-16e0-4a6a-95e4-426614770eb2,0.03934178172876868
3a9196af-16e0-4a6a-95e4-426614770eb2,0.0016443706000239804
09d2a8d3-3ef9-4e91-8abe-d1c127747905,0.0012601650028550614
09d2a8d3-3ef9-4e91-8abe-d1c127747905,0.011653644601676158
09d2a8d3-3ef9-4e91-8abe-d1c127747905,0.00886111900028401
ac1f192d-7a24-44c3-9175-819291bd4db9,0.0
ac1f192d-7a24-44c3-9175-819291bd4db9,0.0
ac1f192d-7a24-44c3-9175-819291bd4db9,0.0
d5cbd64c-322b-4460-ad0e-c9a23e781f3e,0.0
7a0105da-41e6-4500-8626-fb6e8f0dac5a,0.0
7a0105da-41e6-4500-8626-fb6e8f0dac5a,0.0
7a0105da-41e6-4500-8626-fb6e8f0dac5a,0.0
7a0105da-41e6-4500-8626-fb6e8f0dac5a,0.0
7a0105da-41e6-4500-8626-fb6e8f0dac5a,0.1436519671356493
7a0105da-41e6-4500-8626-fb6e8f0dac5a,0.00682895599286618
7a0105da-41e6-4500-8626-fb6e8f0dac5a,0.0
7a0105da-41e6-4500-8626-fb6e8f0dac5a,0.001730691967734957
7a0105da-41e6-4500-8626-fb6e8f0dac5a,0.008900701548351207
7a0105da-41e6-4500-8626-fb6e8f0dac5a,0.010013289241895108
7a0105da-41e6-4500-8626-fb6e8f0dac5a,0.022993478999907283
7a0105da-41e6-4500-8626-fb6e8f0dac5a,0.0
7a0105da-41e6-4500-8626-fb6e8f0dac5a,0.0
7a0105da-41e6-4500-8626-fb6e8f0dac5a,0.0055629384677195045
af15d432-68fc-4a2f-b456-a0366722799f,0.0
af15d432-68fc-4a2f-b456-a0366722799f,0.0
7092a623-6d2d-4ecb-abed-be46296c4d7e,4.615313610559837e-05
7092a623-6d2d-4ecb-abed-be46296c4d7e,0.0
7092a623-6d2d-4ecb-abed-be46296c4d7e,0.01243640474844545
7092a623-6d2d-4ecb-abed-be46296c4d7e,0.0
7092a623-6d2d-4ecb-abed-be46296c4d7e,0.0
7092a623-6d2d-4ecb-abed-be46296c4d7e,0.0
7092a623-6d2d-4ecb-abed-be46296c4d7e,0.027553216933747907
7092a623-6d2d-4ecb-abed-be46296c4d7e,0.0
7092a623-6d2d-4ecb-abed-be46296c4d7e,0.0
7092a623-6d2d-4ecb-abed-be46296c4d7e,0.0
9911bf13-bce6-4b33-b866-1944aca8fab0,0.0
9911bf13-bce6-4b33-b866-1944aca8fab0,0.0
9911bf13-bce6-4b33-b866-1944aca8fab0,0.0
9911bf13-bce6-4b33-b866-1944aca8fab0,0.0
9911bf13-bce6-4b33-b866-1944aca8fab0,0.0
5f8ecc2d-d8b8-4974-b327-7920315c55aa,0.0
5f8ecc2d-d8b8-4974-b327-7920315c55aa,0.0
5f8ecc2d-d8b8-4974-b327-7920315c55aa,0.0
5f8ecc2d-d8b8-4974-b327-7920315c55aa,0.0
5f8ecc2d-d8b8-4974-b327-7920315c55aa,0.0
5f8ecc2d-d8b8-4974-b327-7920315c55aa,0.0
5f8ecc2d-d8b8-4974-b327-7920315c55aa,0.0
5f8ecc2d-d8b8-4974-b327-7920315c55aa,0.0
5f8ecc2d-d8b8-4974-b327-7920315c55aa,0.026652896003731406
5f8ecc2d-d8b8-4974-b327-7920315c55aa,0.019190085122686613
5f8ecc2d-d8b8-4974-b327-7920315c55aa,0.0728412234000032
5f8ecc2d-d8b8-4974-b327-7920315c55aa,0.05277273408738818
5f8ecc2d-d8b8-4974-b327-7920315c55aa,0.003997934400559711
5f8ecc2d-d8b8-4974-b327-7920315c55aa,0.10074794689410471
33c80447-e65b-41f8-ad03-523b78048641,0.0012617500473156267
33c80447-e65b-41f8-ad03-523b78048641,0.0
33c80447-e65b-41f8-ad03-523b78048641,0.02220680083275503
33c80447-e65b-41f8-ad03-523b78048641,0.0
33c80447-e65b-41f8-ad03-523b78048641,0.0
33c80447-e65b-41f8-ad03-523b78048641,0.0
33c80447-e65b-41f8-ad03-523b78048641,0.0
33c80447-e65b-41f8-ad03-523b78048641,0.0077784019705284995
33c80447-e65b-41f8-ad03-523b78048641,0.0
33c80447-e65b-41f8-ad03-523b78048641,0.013482563415582733
33c80447-e65b-41f8-ad03-523b78048641,0.03992913011537963
33c80447-e65b-41f8-ad03-523b78048641,0.017112484335162697
b4686a9f-c3a6-4cba-9400-b35ba566b74e,0.0
b4686a9f-c3a6-4cba-9400-b35ba566b74e,0.0
b4686a9f-c3a6-4cba-9400-b35ba566b74e,0.1682527998317472
b4686a9f-c3a6-4cba-9400-b35ba566b74e,0.0
b4686a9f-c3a6-4cba-9400-b35ba566b74e,0.002523791997476208
b4686a9f-c3a6-4cba-9400-b35ba566b74e,0.002523791997476208
b4686a9f-c3a6-4cba-9400-b35ba566b74e,0.013628476786371524
b4686a9f-c3a6-4cba-9400-b35ba566b74e,0.03554190434401053
b4686a9f-c3a6-4cba-9400-b35ba566b74e,0.0
b4686a9f-c3a6-4cba-9400-b35ba566b74e,0.0
b4686a9f-c3a6-4cba-9400-b35ba566b74e,0.0
b4686a9f-c3a6-4cba-9400-b35ba566b74e,0.0
b4686a9f-c3a6-4cba-9400-b35ba566b74e,0.0
b4686a9f-c3a6-4cba-9400-b35ba566b74e,0.0
85a40af4-f5e5-4fae-8260-6c6031a73e0b,0.0
85a40af4-f5e5-4fae-8260-6c6031a73e0b,0.0
85a40af4-f5e5-4fae-8260-6c6031a73e0b,0.0
85a40af4-f5e5-4fae-8260-6c6031a73e0b,0.07169117647058823
2a15b6f2-2a17-454d-b14c-ba1bb4bd79f4,0.0
2a15b6f2-2a17-454d-b14c-ba1bb4bd79f4,0.0
2a15b6f2-2a17-454d-b14c-ba1bb4bd79f4,0.0
2a15b6f2-2a17-454d-b14c-ba1bb4bd79f4,0.0
2a15b6f2-2a17-454d-b14c-ba1bb4bd79f4,0.06254037989404315
2a15b6f2-2a17-454d-b14c-ba1bb4bd79f4,0.008269802300038764
31a115d1-ad82-4fd8-be3d-76d918338afa,0.12384789447541256
31a115d1-ad82-4fd8-be3d-76d918338afa,0.0
b0502b9f-b85c-4cac-9e8f-325ed59315e0,0.0
b0502b9f-b85c-4cac-9e8f-325ed59315e0,0.0
b0502b9f-b85c-4cac-9e8f-325ed59315e0,0.0
b0502b9f-b85c-4cac-9e8f-325ed59315e0,0.0
b0502b9f-b85c-4cac-9e8f-325ed59315e0,0.08728973176592843
b0502b9f-b85c-4cac-9e8f-325ed59315e0,0.0
b0502b9f-b85c-4cac-9e8f-325ed59315e0,0.0
b0502b9f-b85c-4cac-9e8f-325ed59315e0,0.0
eadbf3c9-f034-4b29-9a46-b90a16978a2a,0.021711815851635924
eadbf3c9-f034-4b29-9a46-b90a16978a2a,0.01614405464141571
eadbf3c9-f034-4b29-9a46-b90a16978a2a,0.0
67ce8121-c2fd-493a-ae78-f256b3c1b0f0,0.0
67ce8121-c2fd-493a-ae78-f256b3c1b0f0,0.0
67ce8121-c2fd-493a-ae78-f256b3c1b0f0,0.0
67ce8121-c2fd-493a-ae78-f256b3c1b0f0,0.015986903974086586
67ce8121-c2fd-493a-ae78-f256b3c1b0f0,0.0
67ce8121-c2fd-493a-ae78-f256b3c1b0f0,0.15434083601286175
67ce8121-c2fd-493a-ae78-f256b3c1b0f0,0.0
67ce8121-c2fd-493a-ae78-f256b3c1b0f0,0.0
67ce8121-c2fd-493a-ae78-f256b3c1b0f0,0.0
67ce8121-c2fd-493a-ae78-f256b3c1b0f0,0.0
48d31260-a62e-4b8a-9d3c-cdc6da1a962f,0.0
48d31260-a62e-4b8a-9d3c-cdc6da1a962f,0.0
48d31260-a62e-4b8a-9d3c-cdc6da1a962f,0.0
48d31260-a62e-4b8a-9d3c-cdc6da1a962f,0.0
48d31260-a62e-4b8a-9d3c-cdc6da1a962f,0.0
48d31260-a62e-4b8a-9d3c-cdc6da1a962f,0.025211739216072483
48d31260-a62e-4b8a-9d3c-cdc6da1a962f,0.04498789060192569
48d31260-a62e-4b8a-9d3c-cdc6da1a962f,0.11738437001594897
ce8e0d85-44a8-4b05-b421-cc5c510aa7a5,0.0
ce8e0d85-44a8-4b05-b421-cc5c510aa7a5,0.0
ce8e0d85-44a8-4b05-b421-cc5c510aa7a5,0.0
ce8e0d85-44a8-4b05-b421-cc5c510aa7a5,0.031218274111675128
ce8e0d85-44a8-4b05-b421-cc5c510aa7a5,0.0
ce8e0d85-44a8-4b05-b421-cc5c510aa7a5,0.0
ce8e0d85-44a8-4b05-b421-cc5c510aa7a5,0.0
ce8e0d85-44a8-4b05-b421-cc5c510aa7a5,0.01167250291812573
ce8e0d85-44a8-4b05-b421-cc5c510aa7a5,0.00827135376713471
ce8e0d85-44a8-4b05-b421-cc5c510aa7a5,0.06725604670558799
ce8e0d85-44a8-4b05-b421-cc5c510aa7a5,0.014416237235623281
ce8e0d85-44a8-4b05-b421-cc5c510aa7a5,0.0020811310782241016
ce8e0d85-44a8-4b05-b421-cc5c510aa7a5,0.02055045871559633
ce8e0d85-44a8-4b05-b421-cc5c510aa7a5,0.009608006672226856
b2d2ef9e-fabe-4e70-b36a-e1e62e0a00f2,0.0
b2d2ef9e-fabe-4e70-b36a-e1e62e0a00f2,0.0
b2d2ef9e-fabe-4e70-b36a-e1e62e0a00f2,0.0
b2d2ef9e-fabe-4e70-b36a-e1e62e0a00f2,0.0
b2d2ef9e-fabe-4e70-b36a-e1e62e0a00f2,0.0
b2d2ef9e-fabe-4e70-b36a-e1e62e0a00f2,0.02531645569620253
b2d2ef9e-fabe-4e70-b36a-e1e62e0a00f2,0.0016877637130801688
b2d2ef9e-fabe-4e70-b36a-e1e62e0a00f2,0.06913732295806975
b2d2ef9e-fabe-4e70-b36a-e1e62e0a00f2,0.013261000602772756
b2d2ef9e-fabe-4e70-b36a-e1e62e0a00f2,0.042177361211247294
3da7cc6a-7864-4ab8-8842-297650b7db19,0.015886524822695036
3da7cc6a-7864-4ab8-8842-297650b7db19,0.0
3da7cc6a-7864-4ab8-8842-297650b7db19,0.0
3da7cc6a-7864-4ab8-8842-297650b7db19,0.0022695035460992908
3da7cc6a-7864-4ab8-8842-297650b7db19,0.028085106382978724
3da7cc6a-7864-4ab8-8842-297650b7db19,0.0
3da7cc6a-7864-4ab8-8842-297650b7db19,0.02553191489361702
3da7cc6a-7864-4ab8-8842-297650b7db19,0.0
3da7cc6a-7864-4ab8-8842-297650b7db19,0.0
3da7cc6a-7864-4ab8-8842-297650b7db19,0.02401577575885626
3da7cc6a-7864-4ab8-8842-297650b7db19,0.2382490960843142
3da7cc6a-7864-4ab8-8842-297650b7db19,0.0
3da7cc6a-7864-4ab8-8842-297650b7db19,0.0
3da7cc6a-7864-4ab8-8842-297650b7db19,0.0
3da7cc6a-7864-4ab8-8842-297650b7db19,0.0
3da7cc6a-7864-4ab8-8842-297650b7db19,0.014883720930232559
3da7cc6a-7864-4ab8-8842-297650b7db19,0.00124031007751938
3da7cc6a-7864-4ab8-8842-297650b7db19,0.0
3da7cc6a-7864-4ab8-8842-297650b7db19,0.0
3da7cc6a-7864-4ab8-8842-297650b7db19,0.01674418604651163
3da7cc6a-7864-4ab8-8842-297650b7db19,0.0
3da7cc6a-7864-4ab8-8842-297650b7db19,0.0033074935400516795
3da7cc6a-7864-4ab8-8842-297650b7db19,0.04659021093590006
3da7cc6a-7864-4ab8-8842-297650b7db19,0.0
3da7cc6a-7864-4ab8-8842-297650b7db19,0.0
3da7cc6a-7864-4ab8-8842-297650b7db19,0.0
3da7cc6a-7864-4ab8-8842-297650b7db19,0.0
3da7cc6a-7864-4ab8-8842-297650b7db19,0.0
b8d6b40d-2a3d-475f-88d3-03560f645223,0.0
b8d6b40d-2a3d-475f-88d3-03560f645223,0.0
b8d6b40d-2a3d-475f-88d3-03560f645223,0.0
b8d6b40d-2a3d-475f-88d3-03560f645223,0.0892049127343245
b8d6b40d-2a3d-475f-88d3-03560f645223,0.014544279250161603
b8d6b40d-2a3d-475f-88d3-03560f645223,0.12120232708468003
0d587b82-827b-4e80-af20-4ee8207700ee,0.0
0d587b82-827b-4e80-af20-4ee8207700ee,0.0
1352a7f3-1f0d-4f1f-af05-daa5d7f8624a,0.0
1352a7f3-1f0d-4f1f-af05-daa5d7f8624a,0.0
1352a7f3-1f0d-4f1f-af05-daa5d7f8624a,0.028258409912520353
1352a7f3-1f0d-4f1f-af05-daa5d7f8624a,0.011038441372078262
b45e1b50-d497-4b91-9b79-5050fd0e6800,0.011370415862432006
b45e1b50-d497-4b91-9b79-5050fd0e6800,0.01403755044744692
b45e1b50-d497-4b91-9b79-5050fd0e6800,0.04534128794525355
b45e1b50-d497-4b91-9b79-5050fd0e6800,0.0
b45e1b50-d497-4b91-9b79-5050fd0e6800,0.0
b45e1b50-d497-4b91-9b79-5050fd0e6800,0.0
69a4ab5a-da8a-4a93-9d83-801a700003e8,0.0
69a4ab5a-da8a-4a93-9d83-801a700003e8,0.0
aaf27f12-2f10-4f29-bff2-ab9407234c83,0.023160061760164694
aaf27f12-2f10-4f29-bff2-ab9407234c83,0.004581831510782577
aaf27f12-2f10-4f29-bff2-ab9407234c83,0.0
aaf27f12-2f10-4f29-bff2-ab9407234c83,0.009771986970684038
8f460d7d-164d-4f3e-b3eb-1c9f0c43b49e,0.0
8f460d7d-164d-4f3e-b3eb-1c9f0c43b49e,0.04627175475011975
8f460d7d-164d-4f3e-b3eb-1c9f0c43b49e,0.0
8f460d7d-164d-4f3e-b3eb-1c9f0c43b49e,0.0
8f460d7d-164d-4f3e-b3eb-1c9f0c43b49e,0.0
8f460d7d-164d-4f3e-b3eb-1c9f0c43b49e,0.0
8f460d7d-164d-4f3e-b3eb-1c9f0c43b49e,0.0
8f460d7d-164d-4f3e-b3eb-1c9f0c43b49e,0.0
8f460d7d-164d-4f3e-b3eb-1c9f0c43b49e,0.0
8f460d7d-164d-4f3e-b3eb-1c9f0c43b49e,0.0
f743c21e-5876-460b-bbd6-2e2dcca41baa,0.025921998350418286
f743c21e-5876-460b-bbd6-2e2dcca41baa,0.0
f743c21e-5876-460b-bbd6-2e2dcca41baa,0.0
f743c21e-5876-460b-bbd6-2e2dcca41baa,0.0
f743c21e-5876-460b-bbd6-2e2dcca41baa,0.0
f743c21e-5876-460b-bbd6-2e2dcca41baa,0.0
f743c21e-5876-460b-bbd6-2e2dcca41baa,0.0
f743c21e-5876-460b-bbd6-2e2dcca41baa,0.0
f743c21e-5876-460b-bbd6-2e2dcca41baa,0.09536904630953691
a1fb3bf8-b4bc-4dd2-9cbe-e4b2ce75789e,0.0
b551156f-a0e0-4895-9bd5-c4e6307f077a,0.012839442768183862
b551156f-a0e0-4895-9bd5-c4e6307f077a,0.0011414710708425484
b551156f-a0e0-4895-9bd5-c4e6307f077a,0.0
b551156f-a0e0-4895-9bd5-c4e6307f077a,0.0
b551156f-a0e0-4895-9bd5-c4e6307f077a,0.0
b551156f-a0e0-4895-9bd5-c4e6307f077a,0.0
b551156f-a0e0-4895-9bd5-c4e6307f077a,0.0
b551156f-a0e0-4895-9bd5-c4e6307f077a,0.0
b551156f-a0e0-4895-9bd5-c4e6307f077a,0.0
b551156f-a0e0-4895-9bd5-c4e6307f077a,0.0
b551156f-a0e0-4895-9bd5-c4e6307f077a,0.0
b551156f-a0e0-4895-9bd5-c4e6307f077a,0.0
b551156f-a0e0-4895-9bd5-c4e6307f077a,0.0
b551156f-a0e0-4895-9bd5-c4e6307f077a,0.0
32827da4-939c-46de-85db-a2d75cb0dfad,0.0029060716139076284
32827da4-939c-46de-85db-a2d75cb0dfad,0.04151530877010898
32827da4-939c-46de-85db-a2d75cb0dfad,0.32897233596324776
32827da4-939c-46de-85db-a2d75cb0dfad,0.0
32827da4-939c-46de-85db-a2d75cb0dfad,0.0
32827da4-939c-46de-85db-a2d75cb0dfad,0.0
32827da4-939c-46de-85db-a2d75cb0dfad,0.0
32827da4-939c-46de-85db-a2d75cb0dfad,0.0
32827da4-939c-46de-85db-a2d75cb0dfad,0.0
32827da4-939c-46de-85db-a2d75cb0dfad,0.0
b07a3786-2c97-4204-8fa3-4b303d4d655f,0.0
b07a3786-2c97-4204-8fa3-4b303d4d655f,0.0
b07a3786-2c97-4204-8fa3-4b303d4d655f,0.0
b07a3786-2c97-4204-8fa3-4b303d4d655f,0.022222222222222223
b8fbe64b-f29f-4c6e-9b4e-999d69719ab8,0.0
b8fbe64b-f29f-4c6e-9b4e-999d69719ab8,0.0
b8fbe64b-f29f-4c6e-9b4e-999d69719ab8,0.0
b8fbe64b-f29f-4c6e-9b4e-999d69719ab8,0.0
b8fbe64b-f29f-4c6e-9b4e-999d69719ab8,0.0
b8fbe64b-f29f-4c6e-9b4e-999d69719ab8,0.010699778739143358
b8fbe64b-f29f-4c6e-9b4e-999d69719ab8,0.0033024008454146164
b8fbe64b-f29f-4c6e-9b4e-999d69719ab8,0.06645534859635634
b3332044-d191-4d1d-8cca-b11c30c79fa8,0.0
b3332044-d191-4d1d-8cca-b11c30c79fa8,0.0
b3332044-d191-4d1d-8cca-b11c30c79fa8,0.0
b3332044-d191-4d1d-8cca-b11c30c79fa8,0.06242684354272337
a082d750-3663-46ca-bf52-cc32b2f403c9,0.046348748583788235
a082d750-3663-46ca-bf52-cc32b2f403c9,0.0
1555c17d-994a-4400-b62b-4b53fc727da3,0.0
1555c17d-994a-4400-b62b-4b53fc727da3,0.0
905cf7dc-9b4f-4c3d-816c-65c3b6be7237,0.010293360782295419
905cf7dc-9b4f-4c3d-816c-65c3b6be7237,0.0035481963335304554
d037df85-c86e-43cb-a14e-7bf57ee9b5ad,0.02257771048734652
0fda72a2-f383-4f69-af8e-e16a0fbac621,0.0
0fda72a2-f383-4f69-af8e-e16a0fbac621,0.0
0fda72a2-f383-4f69-af8e-e16a0fbac621,0.0
0fda72a2-f383-4f69-af8e-e16a0fbac621,0.0
0fda72a2-f383-4f69-af8e-e16a0fbac621,0.0
0fda72a2-f383-4f69-af8e-e16a0fbac621,0.3332225998517875
0fda72a2-f383-4f69-af8e-e16a0fbac621,0.0
0fda72a2-f383-4f69-af8e-e16a0fbac621,0.0
0fda72a2-f383-4f69-af8e-e16a0fbac621,0.0
0fda72a2-f383-4f69-af8e-e16a0fbac621,0.0
4ae0b788-62b6-486c-a95c-76764250c086,0.0
4ae0b788-62b6-486c-a95c-76764250c086,0.14511310285958173
ac29e848-bceb-4233-8a07-14778f17d575,0.0
ac29e848-bceb-4233-8a07-14778f17d575,0.0
ac29e848-bceb-4233-8a07-14778f17d575,0.0
ac29e848-bceb-4233-8a07-14778f17d575,0.015544041450777202
ac29e848-bceb-4233-8a07-14778f17d575,0.2783625730994152
ac29e848-bceb-4233-8a07-14778f17d575,0.0
ac29e848-bceb-4233-8a07-14778f17d575,0.027972027972027972
ac29e848-bceb-4233-8a07-14778f17d575,0.0
ac29e848-bceb-4233-8a07-14778f17d575,0.0
ac29e848-bceb-4233-8a07-14778f17d575,0.0
ac29e848-bceb-4233-8a07-14778f17d575,0.0
ac29e848-bceb-4233-8a07-14778f17d575,0.0
ac29e848-bceb-4233-8a07-14778f17d575,0.0
ac29e848-bceb-4233-8a07-14778f17d575,0.0
ac29e848-bceb-4233-8a07-14778f17d575,0.0
ac29e848-bceb-4233-8a07-14778f17d575,0.0
ac29e848-bceb-4233-8a07-14778f17d575,0.0
ac29e848-bceb-4233-8a07-14778f17d575,0.0
1f4741e6-a0ae-41b2-8b70-bf7e927f1b13,0.0
1f4741e6-a0ae-41b2-8b70-bf7e927f1b13,0.0
1f4741e6-a0ae-41b2-8b70-bf7e927f1b13,0.0
d5277276-f8f8-40e9-b8e1-791cf5d96ac0,0.013881899737979143
d5277276-f8f8-40e9-b8e1-791cf5d96ac0,0.0
d5277276-f8f8-40e9-b8e1-791cf5d96ac0,0.0
b8131ece-c783-4814-9ce7-c0edfc2c9c64,0.029871977240398292
b8131ece-c783-4814-9ce7-c0edfc2c9c64,0.015990159901599015
b8131ece-c783-4814-9ce7-c0edfc2c9c64,0.0
b8fa31a7-52ba-4bd1-8b63-0568b6935306,0.0
b8fa31a7-52ba-4bd1-8b63-0568b6935306,0.0
b8fa31a7-52ba-4bd1-8b63-0568b6935306,0.0
b8fa31a7-52ba-4bd1-8b63-0568b6935306,0.002222410852772998
b8fa31a7-52ba-4bd1-8b63-0568b6935306,0.017510382759007743
b8fa31a7-52ba-4bd1-8b63-0568b6935306,0.02873498709170502
b8fa31a7-52ba-4bd1-8b63-0568b6935306,0.0021551240318778762
b8fa31a7-52ba-4bd1-8b63-0568b6935306,0.0
0361ea80-0215-4bbe-9bca-908ea7c4f8b6,0.027272909043648652
0361ea80-0215-4bbe-9bca-908ea7c4f8b6,0.022356628141405672
0361ea80-0215-4bbe-9bca-908ea7c4f8b6,0.02612007981135498
0361ea80-0215-4bbe-9bca-908ea7c4f8b6,0.0028363765289842226
0361ea80-0215-4bbe-9bca-908ea7c4f8b6,0.0634641163642184
0361ea80-0215-4bbe-9bca-908ea7c4f8b6,0.0
0361ea80-0215-4bbe-9bca-908ea7c4f8b6,0.02612007981135498
0361ea80-0215-4bbe-9bca-908ea7c4f8b6,0.0
0361ea80-0215-4bbe-9bca-908ea7c4f8b6,0.0
0361ea80-0215-4bbe-9bca-908ea7c4f8b6,0.0
0361ea80-0215-4bbe-9bca-908ea7c4f8b6,0.0
0361ea80-0215-4bbe-9bca-908ea7c4f8b6,0.0
0361ea80-0215-4bbe-9bca-908ea7c4f8b6,0.0
0361ea80-0215-4bbe-9bca-908ea7c4f8b6,0.0
b5ea0a2e-1122-4183-931c-8027caf1eb8d,0.0
b5ea0a2e-1122-4183-931c-8027caf1eb8d,0.0
b5ea0a2e-1122-4183-931c-8027caf1eb8d,0.0
b5ea0a2e-1122-4183-931c-8027caf1eb8d,0.010960630784301637
b5ea0a2e-1122-4183-931c-8027caf1eb8d,0.0
b5ea0a2e-1122-4183-931c-8027caf1eb8d,0.0
b5ea0a2e-1122-4183-931c-8027caf1eb8d,0.0
b5ea0a2e-1122-4183-931c-8027caf1eb8d,0.0
97558fff-a0e4-4d73-98da-0de2750873fb,0.09731725860758118
97558fff-a0e4-4d73-98da-0de2750873fb,0.0
ba1e3912-82c7-4e15-9c46-46fbf780b2d9,0.07895716945996276
ba1e3912-82c7-4e15-9c46-46fbf780b2d9,0.0
ba1e3912-82c7-4e15-9c46-46fbf780b2d9,0.08281272700857184
ba1e3912-82c7-4e15-9c46-46fbf780b2d9,0.0
ba1e3912-82c7-4e15-9c46-46fbf780b2d9,0.0
ba1e3912-82c7-4e15-9c46-46fbf780b2d9,0.0
ba1e3912-82c7-4e15-9c46-46fbf780b2d9,0.0
ba1e3912-82c7-4e15-9c46-46fbf780b2d9,0.0
ba1e3912-82c7-4e15-9c46-46fbf780b2d9,0.0
ba1e3912-82c7-4e15-9c46-46fbf780b2d9,0.0
3a0c1a58-6d13-43f3-a5a0-07d8ecdf7fd5,0.02577584856688967
3a0c1a58-6d13-43f3-a5a0-07d8ecdf7fd5,0.1811469357617524
3a0c1a58-6d13-43f3-a5a0-07d8ecdf7fd5,0.0
3a0c1a58-6d13-43f3-a5a0-07d8ecdf7fd5,0.006500119168851429
3a0c1a58-6d13-43f3-a5a0-07d8ecdf7fd5,0.05381362912525397
3a0c1a58-6d13-43f3-a5a0-07d8ecdf7fd5,0.0
50e589e1-e878-4994-b29f-ce9d731ac2db,0.025893996452024524
776b44fa-43e6-4f7b-87fb-7ae97763085f,0.0
776b44fa-43e6-4f7b-87fb-7ae97763085f,0.0
776b44fa-43e6-4f7b-87fb-7ae97763085f,0.0
776b44fa-43e6-4f7b-87fb-7ae97763085f,0.0
3766b0a6-1769-4d82-b081-fa53531de34e,0.03276240854894098
3766b0a6-1769-4d82-b081-fa53531de34e,0.0
baed4093-ba48-42d5-8479-92b2612217e0,0.0
baed4093-ba48-42d5-8479-92b2612217e0,0.03847695390781563
2a37f773-2855-4765-989e-0991de60bd0c,0.0
2a37f773-2855-4765-989e-0991de60bd0c,0.01176081443639972
2a37f773-2855-4765-989e-0991de60bd0c,0.00023521628872799443
2a37f773-2855-4765-989e-0991de60bd0c,0.005641210215879125
2a37f773-2855-4765-989e-0991de60bd0c,0.0
2a37f773-2855-4765-989e-0991de60bd0c,0.0023329566580395874
2a37f773-2855-4765-989e-0991de60bd0c,0.1378245315765239
32721abb-10c7-4797-88c6-bf47d32e95e6,0.0
32721abb-10c7-4797-88c6-bf47d32e95e6,0.0
4525bf0b-20b4-4f4f-9149-e32632812d89,0.0
4525bf0b-20b4-4f4f-9149-e32632812d89,0.0
4525bf0b-20b4-4f4f-9149-e32632812d89,0.06559714795008913
4525bf0b-20b4-4f4f-9149-e32632812d89,0.0
f9ccffe6-0f7b-43d7-9962-84888673fb57,0.0
f9ccffe6-0f7b-43d7-9962-84888673fb57,0.0
f9ccffe6-0f7b-43d7-9962-84888673fb57,0.0
f9ccffe6-0f7b-43d7-9962-84888673fb57,0.0
f9ccffe6-0f7b-43d7-9962-84888673fb57,0.0
f9ccffe6-0f7b-43d7-9962-84888673fb57,0.0
f9ccffe6-0f7b-43d7-9962-84888673fb57,0.0
f9ccffe6-0f7b-43d7-9962-84888673fb57,0.0
f9ccffe6-0f7b-43d7-9962-84888673fb57,0.0
f9ccffe6-0f7b-43d7-9962-84888673fb57,0.0
f9ccffe6-0f7b-43d7-9962-84888673fb57,0.0
f9ccffe6-0f7b-43d7-9962-84888673fb57,0.0
f9ccffe6-0f7b-43d7-9962-84888673fb57,0.14927938324044293
f9ccffe6-0f7b-43d7-9962-84888673fb57,0.02465331278890601
f9ccffe6-0f7b-43d7-9962-84888673fb57,0.0
f9ccffe6-0f7b-43d7-9962-84888673fb57,0.0005891450033139406
f9ccffe6-0f7b-43d7-9962-84888673fb57,0.004714085786540303
f9ccffe6-0f7b-43d7-9962-84888673fb57,0.17167129072650936
f9ccffe6-0f7b-43d7-9962-84888673fb57,0.003142723857693535
f9ccffe6-0f7b-43d7-9962-84888673fb57,0.01063543019579974
c31be560-cec0-4ada-b2e1-be51c2e8bb22,0.0
c31be560-cec0-4ada-b2e1-be51c2e8bb22,0.0
c31be560-cec0-4ada-b2e1-be51c2e8bb22,0.031098153547133137
c31be560-cec0-4ada-b2e1-be51c2e8bb22,0.025396825396825397
79bb5ea3-ca6c-4d75-a379-a6ee6c6da659,0.0
1748e4e2-5c73-4794-81fe-2c5fe4af8cdd,0.0
1748e4e2-5c73-4794-81fe-2c5fe4af8cdd,0.0
1748e4e2-5c73-4794-81fe-2c5fe4af8cdd,0.0
1748e4e2-5c73-4794-81fe-2c5fe4af8cdd,0.0
1748e4e2-5c73-4794-81fe-2c5fe4af8cdd,0.0
1748e4e2-5c73-4794-81fe-2c5fe4af8cdd,0.0
ac9106d5-8cbc-46b0-b27e-8c998b04ef51,0.0
ac9106d5-8cbc-46b0-b27e-8c998b04ef51,0.017067920842776002
ac9106d5-8cbc-46b0-b27e-8c998b04ef51,0.008875318838243522
ac9106d5-8cbc-46b0-b27e-8c998b04ef51,0.0
ac9106d5-8cbc-46b0-b27e-8c998b04ef51,0.0
ac9106d5-8cbc-46b0-b27e-8c998b04ef51,0.0
84a14ff5-f4fe-4ee4-9873-ccb84b76d5a8,0.03933965577801194
84a14ff5-f4fe-4ee4-9873-ccb84b76d5a8,0.0
84a14ff5-f4fe-4ee4-9873-ccb84b76d5a8,0.0
84a14ff5-f4fe-4ee4-9873-ccb84b76d5a8,0.0
84a14ff5-f4fe-4ee4-9873-ccb84b76d5a8,0.0
84a14ff5-f4fe-4ee4-9873-ccb84b76d5a8,0.0
84a14ff5-f4fe-4ee4-9873-ccb84b76d5a8,0.0
84a14ff5-f4fe-4ee4-9873-ccb84b76d5a8,0.0
2cfbc16c-f1e4-4ed2-b9eb-4d0c40b90800,0.0
2cfbc16c-f1e4-4ed2-b9eb-4d0c40b90800,0.0
2cfbc16c-f1e4-4ed2-b9eb-4d0c40b90800,0.0
2cfbc16c-f1e4-4ed2-b9eb-4d0c40b90800,0.0
2cfbc16c-f1e4-4ed2-b9eb-4d0c40b90800,0.0
2cfbc16c-f1e4-4ed2-b9eb-4d0c40b90800,0.0
2673d0ba-ab94-4aac-8a9f-1599818c2c12,0.0
2673d0ba-ab94-4aac-8a9f-1599818c2c12,0.0
2673d0ba-ab94-4aac-8a9f-1599818c2c12,0.0
2673d0ba-ab94-4aac-8a9f-1599818c2c12,0.0
2673d0ba-ab94-4aac-8a9f-1599818c2c12,0.0
2673d0ba-ab94-4aac-8a9f-1599818c2c12,0.14972508106583957
2673d0ba-ab94-4aac-8a9f-1599818c2c12,0.016902629297890784
2673d0ba-ab94-4aac-8a9f-1599818c2c12,0.05956813104988831
2673d0ba-ab94-4aac-8a9f-1599818c2c12,0.008540660972892685
2673d0ba-ab94-4aac-8a9f-1599818c2c12,0.0
2673d0ba-ab94-4aac-8a9f-1599818c2c12,0.0
2673d0ba-ab94-4aac-8a9f-1599818c2c12,0.010727056019070322
2673d0ba-ab94-4aac-8a9f-1599818c2c12,0.11483253588516747
2673d0ba-ab94-4aac-8a9f-1599818c2c12,0.005045408678102927
2673d0ba-ab94-4aac-8a9f-1599818c2c12,0.0
2673d0ba-ab94-4aac-8a9f-1599818c2c12,0.0
2673d0ba-ab94-4aac-8a9f-1599818c2c12,0.0
2673d0ba-ab94-4aac-8a9f-1599818c2c12,0.0
2673d0ba-ab94-4aac-8a9f-1599818c2c12,0.0
2673d0ba-ab94-4aac-8a9f-1599818c2c12,0.0
2673d0ba-ab94-4aac-8a9f-1599818c2c12,0.0
2673d0ba-ab94-4aac-8a9f-1599818c2c12,0.0
2673d0ba-ab94-4aac-8a9f-1599818c2c12,0.0
2673d0ba-ab94-4aac-8a9f-1599818c2c12,0.0
72de59ee-6a34-42d7-8379-66af5f507bbc,0.0
72de59ee-6a34-42d7-8379-66af5f507bbc,0.0
72de59ee-6a34-42d7-8379-66af5f507bbc,0.0
72de59ee-6a34-42d7-8379-66af5f507bbc,0.0
72de59ee-6a34-42d7-8379-66af5f507bbc,0.0
72de59ee-6a34-42d7-8379-66af5f507bbc,0.0
72de59ee-6a34-42d7-8379-66af5f507bbc,0.0
72de59ee-6a34-42d7-8379-66af5f507bbc,0.0
72de59ee-6a34-42d7-8379-66af5f507bbc,0.0
72de59ee-6a34-42d7-8379-66af5f507bbc,0.0
680d309d-3aa5-4883-ae61-1b211286f5a4,0.0
680d309d-3aa5-4883-ae61-1b211286f5a4,0.0
680d309d-3aa5-4883-ae61-1b211286f5a4,0.0
680d309d-3aa5-4883-ae61-1b211286f5a4,0.06975789905621665
680d309d-3aa5-4883-ae61-1b211286f5a4,0.006658343736995423
680d309d-3aa5-4883-ae61-1b211286f5a4,0.014614541468761417
ba96958c-acdc-46a1-9914-d0424361a07b,0.0
4a2078dc-3789-43b2-a31e-19014d4fe3eb,0.12916837601828518
4a2078dc-3789-43b2-a31e-19014d4fe3eb,0.0
71a747b4-d566-4590-8a69-4176501f6884,0.05568635479578258
71a747b4-d566-4590-8a69-4176501f6884,0.0
71a747b4-d566-4590-8a69-4176501f6884,0.0
71a747b4-d566-4590-8a69-4176501f6884,0.0
18c4af3d-0768-4f17-9c1f-d6f8199098ac,0.0
18c4af3d-0768-4f17-9c1f-d6f8199098ac,0.0
18c4af3d-0768-4f17-9c1f-d6f8199098ac,0.0
18c4af3d-0768-4f17-9c1f-d6f8199098ac,0.0
18c4af3d-0768-4f17-9c1f-d6f8199098ac,0.0
93059609-6473-4853-9413-7ecd7d3dae96,0.013163507831068316
93059609-6473-4853-9413-7ecd7d3dae96,0.0003250248847177362
93059609-6473-4853-9413-7ecd7d3dae96,0.06175472809636988
93059609-6473-4853-9413-7ecd7d3dae96,0.0024376866353830215
93059609-6473-4853-9413-7ecd7d3dae96,0.004062811058971703
93059609-6473-4853-9413-7ecd7d3dae96,0.0
93059609-6473-4853-9413-7ecd7d3dae96,0.04875373270766043
93059609-6473-4853-9413-7ecd7d3dae96,0.012014205986808727
93059609-6473-4853-9413-7ecd7d3dae96,0.006500497694354724
93059609-6473-4853-9413-7ecd7d3dae96,0.0
16923fe0-5e98-4bcf-92e6-65d10161660d,0.21615488263243743
16923fe0-5e98-4bcf-92e6-65d10161660d,0.01544953865960947
d5d7c95e-0682-4b93-bf0b-5dff2fa91a92,0.0
d5d7c95e-0682-4b93-bf0b-5dff2fa91a92,0.0
d5d7c95e-0682-4b93-bf0b-5dff2fa91a92,0.0
d5d7c95e-0682-4b93-bf0b-5dff2fa91a92,0.0
d5d7c95e-0682-4b93-bf0b-5dff2fa91a92,0.027247498107812632
d5d7c95e-0682-4b93-bf0b-5dff2fa91a92,0.0
d5d7c95e-0682-4b93-bf0b-5dff2fa91a92,0.021192498528298714
d5d7c95e-0682-4b93-bf0b-5dff2fa91a92,0.0
d5d7c95e-0682-4b93-bf0b-5dff2fa91a92,0.0
d5d7c95e-0682-4b93-bf0b-5dff2fa91a92,0.018837776469598857
d5d7c95e-0682-4b93-bf0b-5dff2fa91a92,0.0
d5d7c95e-0682-4b93-bf0b-5dff2fa91a92,0.0
d5d7c95e-0682-4b93-bf0b-5dff2fa91a92,0.0
d5d7c95e-0682-4b93-bf0b-5dff2fa91a92,0.0
d5d7c95e-0682-4b93-bf0b-5dff2fa91a92,0.017116774438950173
d5d7c95e-0682-4b93-bf0b-5dff2fa91a92,0.022351797862001945
d5d7c95e-0682-4b93-bf0b-5dff2fa91a92,0.1565217391304348
d5d7c95e-0682-4b93-bf0b-5dff2fa91a92,0.0
d5d7c95e-0682-4b93-bf0b-5dff2fa91a92,0.14387351778656127
d5d7c95e-0682-4b93-bf0b-5dff2fa91a92,0.0
d5d7c95e-0682-4b93-bf0b-5dff2fa91a92,0.024725274725274724
d5d7c95e-0682-4b93-bf0b-5dff2fa91a92,0.0
d5d7c95e-0682-4b93-bf0b-5dff2fa91a92,0.0
d5d7c95e-0682-4b93-bf0b-5dff2fa91a92,0.0
d5d7c95e-0682-4b93-bf0b-5dff2fa91a92,0.0022488755622188904
d5d7c95e-0682-4b93-bf0b-5dff2fa91a92,0.0
c224f825-24b8-47aa-abdd-f03c0475a7c3,0.046153846153846156
c224f825-24b8-47aa-abdd-f03c0475a7c3,0.01440329218106996
c224f825-24b8-47aa-abdd-f03c0475a7c3,0.0
0637b804-e693-48d1-8716-f7c63ce6162a,0.006965231406861616
0637b804-e693-48d1-8716-f7c63ce6162a,0.07316371172000921
0637b804-e693-48d1-8716-f7c63ce6162a,0.002763067004374856
0637b804-e693-48d1-8716-f7c63ce6162a,0.00466267556988257
5ba8be0b-f11b-47c6-a91c-fe62c0ef516c,0.0
5ba8be0b-f11b-47c6-a91c-fe62c0ef516c,0.0
5ba8be0b-f11b-47c6-a91c-fe62c0ef516c,0.0
5ba8be0b-f11b-47c6-a91c-fe62c0ef516c,0.0
5ba8be0b-f11b-47c6-a91c-fe62c0ef516c,0.0
1dad3414-88c9-4c56-af5d-3a1488af452c,0.0
1dad3414-88c9-4c56-af5d-3a1488af452c,0.0
1dad3414-88c9-4c56-af5d-3a1488af452c,0.0
1dad3414-88c9-4c56-af5d-3a1488af452c,0.0
1dad3414-88c9-4c56-af5d-3a1488af452c,0.0
1dad3414-88c9-4c56-af5d-3a1488af452c,0.04256522661387259
1dad3414-88c9-4c56-af5d-3a1488af452c,0.002107481559536354
1dad3414-88c9-4c56-af5d-3a1488af452c,0.0
1dad3414-88c9-4c56-af5d-3a1488af452c,0.0
1dad3414-88c9-4c56-af5d-3a1488af452c,0.0
1623088d-9f8c-4910-b681-c81fef043fa3,0.0
1623088d-9f8c-4910-b681-c81fef043fa3,0.027427146641732895
1623088d-9f8c-4910-b681-c81fef043fa3,0.011688430280339696
1623088d-9f8c-4910-b681-c81fef043fa3,0.005047716696900386
1623088d-9f8c-4910-b681-c81fef043fa3,0.0
1623088d-9f8c-4910-b681-c81fef043fa3,0.2752688172043011
1623088d-9f8c-4910-b681-c81fef043fa3,0.01209155030948611
1623088d-9f8c-4910-b681-c81fef043fa3,0.0
1623088d-9f8c-4910-b681-c81fef043fa3,0.0
1623088d-9f8c-4910-b681-c81fef043fa3,0.0
1623088d-9f8c-4910-b681-c81fef043fa3,0.04414113547262959
1623088d-9f8c-4910-b681-c81fef043fa3,0.0
1923df31-e23a-4ee4-86f8-35d124af2f61,0.00444806233101724
1923df31-e23a-4ee4-86f8-35d124af2f61,0.0009349617250043826
1923df31-e23a-4ee4-86f8-35d124af2f61,0.2111129876710015
1923df31-e23a-4ee4-86f8-35d124af2f61,0.0
ecc176d8-c3c7-43d8-bcd8-355bbfb84971,0.0
ecc176d8-c3c7-43d8-bcd8-355bbfb84971,0.03373961452490405
ecc176d8-c3c7-43d8-bcd8-355bbfb84971,0.0
ecc176d8-c3c7-43d8-bcd8-355bbfb84971,0.08409755316166753
ecc176d8-c3c7-43d8-bcd8-355bbfb84971,0.1921470342522974
ecc176d8-c3c7-43d8-bcd8-355bbfb84971,0.0
ecc176d8-c3c7-43d8-bcd8-355bbfb84971,0.0
ecc176d8-c3c7-43d8-bcd8-355bbfb84971,0.0
ecc176d8-c3c7-43d8-bcd8-355bbfb84971,0.0
ecc176d8-c3c7-43d8-bcd8-355bbfb84971,0.0
bfe41d70-219e-478e-85ba-9c8226b572f4,0.03642572566875356
bfe41d70-219e-478e-85ba-9c8226b572f4,0.05947057252041397
bfe41d70-219e-478e-85ba-9c8226b572f4,0.006024566844800464
bfe41d70-219e-478e-85ba-9c8226b572f4,0.0
bfe41d70-219e-478e-85ba-9c8226b572f4,0.0
bfe41d70-219e-478e-85ba-9c8226b572f4,0.0
2c917d3a-95cb-4c11-802c-f83e28cb37bc,0.0
2c917d3a-95cb-4c11-802c-f83e28cb37bc,0.0
2c917d3a-95cb-4c11-802c-f83e28cb37bc,0.0
2c917d3a-95cb-4c11-802c-f83e28cb37bc,0.0
2c917d3a-95cb-4c11-802c-f83e28cb37bc,0.0
2c917d3a-95cb-4c11-802c-f83e28cb37bc,0.0
77a50626-2a5d-44a8-8013-af001549b769,0.0
77a50626-2a5d-44a8-8013-af001549b769,0.0
77a50626-2a5d-44a8-8013-af001549b769,0.0
77a50626-2a5d-44a8-8013-af001549b769,0.0
77a50626-2a5d-44a8-8013-af001549b769,0.0
40fe04af-77d2-4c36-80eb-043568abdbf3,0.0
40fe04af-77d2-4c36-80eb-043568abdbf3,0.0
5bc12970-af13-48bb-bd12-a5cc72fb7154,0.18261601346477518
5bc12970-af13-48bb-bd12-a5cc72fb7154,0.0
5bc12970-af13-48bb-bd12-a5cc72fb7154,0.0
5bc12970-af13-48bb-bd12-a5cc72fb7154,0.0
5bc12970-af13-48bb-bd12-a5cc72fb7154,0.0
bd0bb326-cd0d-4dd8-be1c-25c15b076377,0.04871911017162414
bd0bb326-cd0d-4dd8-be1c-25c15b076377,0.10928401732892347
76f71a93-8105-4c79-a010-0cfa86f0061a,0.08168686700979579
76f71a93-8105-4c79-a010-0cfa86f0061a,0.0
76f71a93-8105-4c79-a010-0cfa86f0061a,0.0
76f71a93-8105-4c79-a010-0cfa86f0061a,0.0
76f71a93-8105-4c79-a010-0cfa86f0061a,0.5166207529843894
76f71a93-8105-4c79-a010-0cfa86f0061a,0.0
76f71a93-8105-4c79-a010-0cfa86f0061a,0.0
76f71a93-8105-4c79-a010-0cfa86f0061a,0.0
76f71a93-8105-4c79-a010-0cfa86f0061a,0.0
76f71a93-8105-4c79-a010-0cfa86f0061a,0.0
76f71a93-8105-4c79-a010-0cfa86f0061a,0.0
76f71a93-8105-4c79-a010-0cfa86f0061a,0.0
76f71a93-8105-4c79-a010-0cfa86f0061a,0.0
76f71a93-8105-4c79-a010-0cfa86f0061a,0.0
76f71a93-8105-4c79-a010-0cfa86f0061a,0.0
76f71a93-8105-4c79-a010-0cfa86f0061a,0.0
f9405a63-3a1b-4cc5-8f00-7b0a81c36a71,0.0
f9405a63-3a1b-4cc5-8f00-7b0a81c36a71,0.0
f9405a63-3a1b-4cc5-8f00-7b0a81c36a71,0.0
f9405a63-3a1b-4cc5-8f00-7b0a81c36a71,0.0
f9405a63-3a1b-4cc5-8f00-7b0a81c36a71,0.02218677494199536
f9405a63-3a1b-4cc5-8f00-7b0a81c36a71,0.0
f9405a63-3a1b-4cc5-8f00-7b0a81c36a71,0.1424777378534604
f9405a63-3a1b-4cc5-8f00-7b0a81c36a71,0.0
767b5c8d-d09b-4d2c-97ea-17dea981a4e4,0.11598405219282348
767b5c8d-d09b-4d2c-97ea-17dea981a4e4,0.009949867972905745
767b5c8d-d09b-4d2c-97ea-17dea981a4e4,0.009390015772292117
401afe9b-4c20-41cc-b52d-21995c71e872,0.0
401afe9b-4c20-41cc-b52d-21995c71e872,0.0
401afe9b-4c20-41cc-b52d-21995c71e872,0.0
401afe9b-4c20-41cc-b52d-21995c71e872,0.0
401afe9b-4c20-41cc-b52d-21995c71e872,0.0
401afe9b-4c20-41cc-b52d-21995c71e872,0.0
401afe9b-4c20-41cc-b52d-21995c71e872,0.0
401afe9b-4c20-41cc-b52d-21995c71e872,0.0
401afe9b-4c20-41cc-b52d-21995c71e872,0.0
401afe9b-4c20-41cc-b52d-21995c71e872,0.0
401afe9b-4c20-41cc-b52d-21995c71e872,0.0
401afe9b-4c20-41cc-b52d-21995c71e872,0.016025641025641024
401afe9b-4c20-41cc-b52d-21995c71e872,0.0
401afe9b-4c20-41cc-b52d-21995c71e872,0.0
c3678e72-ceb4-42d0-8e44-5a4de7ebfccb,0.0
c3678e72-ceb4-42d0-8e44-5a4de7ebfccb,0.0228557309200976
39919c47-0f93-417f-96fb-1aa8a6d6e7ab,0.0
39919c47-0f93-417f-96fb-1aa8a6d6e7ab,0.0
39919c47-0f93-417f-96fb-1aa8a6d6e7ab,0.0009376546479019977
39919c47-0f93-417f-96fb-1aa8a6d6e7ab,0.0
39919c47-0f93-417f-96fb-1aa8a6d6e7ab,0.02358039528742993
39919c47-0f93-417f-96fb-1aa8a6d6e7ab,0.0
39919c47-0f93-417f-96fb-1aa8a6d6e7ab,0.0
39919c47-0f93-417f-96fb-1aa8a6d6e7ab,0.0007017974787925575
39919c47-0f93-417f-96fb-1aa8a6d6e7ab,0.0
39919c47-0f93-417f-96fb-1aa8a6d6e7ab,0.011688040629855522
39919c47-0f93-417f-96fb-1aa8a6d6e7ab,0.0
39919c47-0f93-417f-96fb-1aa8a6d6e7ab,0.018552445444215117
39919c47-0f93-417f-96fb-1aa8a6d6e7ab,0.0
39919c47-0f93-417f-96fb-1aa8a6d6e7ab,0.0
39919c47-0f93-417f-96fb-1aa8a6d6e7ab,0.020407689988636627
39919c47-0f93-417f-96fb-1aa8a6d6e7ab,0.0
721ca747-d0c2-45c2-adf3-4c3640034519,0.0
56ca817b-e17d-4b2b-95c8-d544a7786124,0.0
56ca817b-e17d-4b2b-95c8-d544a7786124,0.042924211938296444
270d287b-5f32-469d-9f88-f4a87f27ef47,0.0
3f34c48c-80e6-4a04-9351-6ad809760b70,0.0
3f34c48c-80e6-4a04-9351-6ad809760b70,0.0
3f34c48c-80e6-4a04-9351-6ad809760b70,0.0
3f34c48c-80e6-4a04-9351-6ad809760b70,0.0
3f34c48c-80e6-4a04-9351-6ad809760b70,0.0
3f34c48c-80e6-4a04-9351-6ad809760b70,0.2253220112584677
3f34c48c-80e6-4a04-9351-6ad809760b70,0.0
3f34c48c-80e6-4a04-9351-6ad809760b70,0.0
3f34c48c-80e6-4a04-9351-6ad809760b70,0.0
3f34c48c-80e6-4a04-9351-6ad809760b70,0.06910611449234387
44db1d69-388e-4268-849e-852c1f092a01,0.06281141476672203
44db1d69-388e-4268-849e-852c1f092a01,0.0496383190852973
d99282ee-dc00-40d4-bb8d-5f8dba263a05,0.0
d99282ee-dc00-40d4-bb8d-5f8dba263a05,0.0
d99282ee-dc00-40d4-bb8d-5f8dba263a05,0.0
d99282ee-dc00-40d4-bb8d-5f8dba263a05,0.045714285714285714
d99282ee-dc00-40d4-bb8d-5f8dba263a05,0.0008311688311688312
d99282ee-dc00-40d4-bb8d-5f8dba263a05,0.0
d99282ee-dc00-40d4-bb8d-5f8dba263a05,0.003394039735099338
d99282ee-dc00-40d4-bb8d-5f8dba263a05,0.07135092400434825
d99282ee-dc00-40d4-bb8d-5f8dba263a05,0.0
d99282ee-dc00-40d4-bb8d-5f8dba263a05,0.0
d99282ee-dc00-40d4-bb8d-5f8dba263a05,0.0
66ab31a6-be10-4f4e-ad4d-b4aeb9371271,0.0
66ab31a6-be10-4f4e-ad4d-b4aeb9371271,0.0
66ab31a6-be10-4f4e-ad4d-b4aeb9371271,0.07287756737379275
66ab31a6-be10-4f4e-ad4d-b4aeb9371271,0.0
66ab31a6-be10-4f4e-ad4d-b4aeb9371271,0.0
66ab31a6-be10-4f4e-ad4d-b4aeb9371271,0.0
66ab31a6-be10-4f4e-ad4d-b4aeb9371271,0.0
66ab31a6-be10-4f4e-ad4d-b4aeb9371271,0.0
66ab31a6-be10-4f4e-ad4d-b4aeb9371271,0.0
